CH4,N2O,CO2
0.03611368100772996,-0.0008982198788148716,0.366702781771996
0.03900793074365522,2.8590208926156102e-05,0.3996279452975754
0.03604619419851314,-0.0008524878330715808,0.3769119098665551
0.030929027747384208,0.00035737180266963084,0.45822507122941514
0.035934390229344346,-0.00016727589431240987,0.4027327698993963
0.03651488485545752,-0.0005392246822165112,0.3824093337456092
0.03165372457823255,0.00042396886715159385,0.45471299806386706
0.04062627116569058,-0.00016755814863209356,0.3797324882725117
0.03218118102033212,-0.00042564561336592673,0.4045488655804742
0.03625441411808658,-0.0006445537298688858,0.38956485402810104
0.03468753773828633,-0.00021556823034149346,0.4213585938839749
0.035390317226666454,-0.0006674080810178135,0.3845205482212054
0.04222261269802401,3.7463098971888577e-06,0.37665622308981095
0.03803373622173598,-0.00116607878280918,0.34535256690044563
0.04010393396805069,0.0006673356669901439,0.40930224248756875
0.04274845769101539,3.273604274084928e-05,0.371939192126999
0.0394124468452763,-0.0002905704384819543,0.3608400397197128
0.032957331290324916,-0.0002284331138822848,0.42793938403307974
0.04163234822908574,0.0004669785469426217,0.39529524500566393
0.034056384204605654,-0.0008664282301638448,0.39253716962371976
0.028357275558676336,-0.00108389790475175,0.417747098112637
0.027905020289018492,-0.0010619046693942846,0.42508025665505866
0.029427821265658485,-0.00014161315828880314,0.44670575381555766
0.03580082778731488,-0.0006280953930565447,0.3887100943833999
0.03286840772563607,0.0003540690252445346,0.452258402982079
0.02893570955914943,-0.00017184467123318795,0.45334202248096767
0.03308463523566277,-6.153858018702373e-05,0.43430405063539446
0.04097236900136296,0.0004463689442830731,0.39769993468342435
0.03564445618778129,-0.00010292632543047395,0.4013708088946947
0.04274102587981839,4.017533378109731e-06,0.36471929145457727
0.03787020352169639,-0.0005800602972731795,0.3602568997158841
0.041409419547734014,-0.00034697469163017663,0.3611086314962204
0.02903420030688981,-0.00038937572443126754,0.4443480477526542
0.029823059110340826,-7.95815340895933e-06,0.4631121934205189
0.03789439350345576,-0.00023501877935444863,0.3931673374904445
0.03972034486086897,-0.0003453921243045566,0.3655477935853203
0.042937421798442454,0.000490620299484797,0.38214285975843576
0.0361438497584401,0.00028835387906943994,0.4276314432014855
0.03934934303938734,-0.0004943769858803322,0.36562141598075476
0.032148252727296475,-0.0006162967885625487,0.4062005979805483
0.04403141608753233,0.00019328593954773049,0.36372835803848763
0.03651644794320255,-0.0010191592229641861,0.36511336696045915
0.035762764996969405,-0.0006405933681251294,0.3829123391447619
0.04045871135795664,0.0005040062865228514,0.4006191836243272
0.031118573209588433,-0.0004853958311244722,0.4339665727001938
0.03848550003247888,-8.278542768849848e-06,0.3905750711639374
0.041687058265176054,0.0004717282258231855,0.3927656322063219
0.039449065848531396,-2.3368859542914882e-05,0.37406509378552744
0.04429458419251715,0.0003016455292784528,0.36271254486115223
0.03298991328112513,-0.0010612163484313344,0.3892317136719884
0.03619905115412137,-0.0004980821475908774,0.38076059262264217
0.03960612369459484,-0.0005414897267201034,0.3563291841096517
0.04115079982952163,-0.0003599870609999208,0.3557005399365695
0.03677790751545543,0.0005154268378460211,0.4314257379424425
0.030054405784782967,-0.0005892274309569913,0.4367437661732152
0.03098889254514819,-0.000195811702748678,0.45240171514081057
0.030796046414613226,0.0002115914584412187,0.4583607911769877
0.028928809609890214,-0.00043301387540340417,0.43980772521349737
0.0356871026838886,-0.0004192755516982836,0.3980747687431239
0.03573247442194228,-0.0005367186642970005,0.38286208347309825
0.029411006387834986,-0.0009733327730795248,0.41818907245426307
0.030639259230304645,-0.0003589511090645579,0.44581143007079527
0.029062667213350303,-4.4993971482346073e-05,0.46099067543775296
0.03995831438925371,-0.00019902332156460307,0.35816325351222905
0.026363973570963872,-0.0010046867541872047,0.4374230111326761
0.038175094129604584,-0.00016615463460499264,0.3917430878721942
0.03946648828361023,-0.00011704625684275322,0.37156653919044585
0.029633640368403054,-0.00038742548577380903,0.43736662861429576
0.033917919681105115,-0.001061402220439673,0.37802311707519043
0.03745189304891514,7.35674012581314e-05,0.40941229759966447
0.04350754142671706,0.00021021465749447967,0.3619484770245235
0.03946025436918508,0.0005304984240395863,0.41004765851936065
0.04017073710587182,0.000646746241127775,0.41145431850248093
0.033887088546570895,-9.077726454851352e-05,0.42881878865175244
0.0341598509954375,-0.0011310461778805637,0.37470465313709145
0.029604184030641616,-0.00013857951710753323,0.43916594377948626
0.029194757942375846,-0.0008446320841071337,0.4192198120796201
0.034853196488717375,0.00018676797608583153,0.42982722884412405
0.0312068441310408,3.668243321651877e-05,0.437454774847436
0.03871379125605082,-0.0005113711984366903,0.3649105900647875
0.03352054406946322,-9.587636736976607e-05,0.43102445995231903
0.037186581485483344,0.0004470285510404632,0.41991341065173854
0.03943713092306464,0.000622272370627253,0.41409734475230364
0.03641384813181259,-0.0006913264757583194,0.3751251326173595
0.03541749399874769,0.00033551188659934053,0.424909586178274
0.03522540026131981,7.202307462044182e-05,0.43326009017679135
0.03420176657558756,-0.0009747475601500763,0.38367387808902914
0.04070586247634633,-0.00036768115451530107,0.36761721909719103
0.029893105043177215,-8.486808216527728e-05,0.4510453384128822
0.03802340388102343,-0.00043138511804786386,0.36726376925940946
0.035984392494160924,-0.0003514124166585455,0.38975800130207905
0.040316199661893065,0.00010218824890036605,0.38068101718712444
0.03163655467261347,0.00029389496033447107,0.44806468448488385
0.04068042249261479,0.0002271774483003342,0.38312900784778836
0.03373893739441994,-0.0003438905550609572,0.42490377793376666
0.033273712005201746,-0.0001814739608818742,0.41786286101242254
0.030856265717135754,-0.00039097122492578453,0.4240501180327517
0.03377043816437444,-0.0007063307484211595,0.4014377902450932
0.03513493381470577,-0.0004977805411187104,0.40297580868218946
0.03272196804772229,-0.000589822098448147,0.4103772864952261
0.04110494587940481,0.0005209783458561767,0.40197135258171657
0.03499697526665766,-0.0004306977651437863,0.3873312511926116
0.04097138318965496,0.000570825366633465,0.40510389113354606
0.040103461159746175,-0.0003632318111740835,0.3703448429255892
0.03435527783633194,-0.00016410948258293624,0.41304983220674685
0.03157242465447714,-0.00013302195960435527,0.4454565334013403
0.03854464715588264,-0.0010472502117326549,0.34843879177691023
0.030494295726693807,-0.0004154170690827664,0.42532391246280243
0.02934545837922009,-0.0001368319882023815,0.4647916992854466
0.03011257710680812,-0.00039712925975216896,0.44405213713952374
0.03502902320336104,-0.0010145795705074749,0.3709786848033773
0.03750159698479654,-0.00010755501674780937,0.40796668681620285
0.03387632513968666,-0.0005565332565596465,0.40730919952654265
0.03950570593526326,-1.7603533880758762e-05,0.3976487795181116
0.03543753880128772,0.00021102912315028614,0.42732997187863386
0.033671536712702,0.0007330523914059169,0.458938110139072
0.03534721701072694,-0.0002589234276336675,0.40346069903066717
0.032028034097139765,-0.00041595996801251263,0.4302225050465918
0.03677781372479394,-0.00014968093273720617,0.385962454278016
0.03616115185913929,0.0004989800979673872,0.43453291659628
0.034538774534874264,-0.00040355911689467314,0.4045226177597254
0.03548887033077211,-0.000617596863693259,0.3939135143689389
0.03770309207409654,0.0002799189948236628,0.40733219945502586
0.039379321702629706,0.00040314225310278786,0.4016732536482895
0.03666887648291743,-0.0009375660819410468,0.3657804477110401
0.030058473158211276,-0.0007178560184672228,0.4236109928467629
0.03528992670431177,-8.445674128596198e-05,0.42279088465371584
0.032374584297087235,0.0002561327033847628,0.43984676446471116
0.03516068307966602,-7.393201854632428e-05,0.4147738427917408
0.0285359011107833,-0.0007417678955269126,0.4263230432624954
0.030495533084604905,0.000292947415640885,0.46513712412109626
0.03730529203429844,-0.0009033730818529769,0.35892287903524744
0.02901156586065749,-0.0007250751909866431,0.42128737026844154
0.03712347837497524,7.743803652366212e-05,0.39708154163341336
0.03536205551786391,8.602234808669819e-06,0.4105407045158482
0.03760314370171736,-0.0004261937639224605,0.38424307016059706
0.03788311703302188,-0.00010912564918699611,0.3873333697786736
0.03467781261926939,-0.00019369920764548097,0.40045152400979445
0.031199494486987764,-0.00023817857683498898,0.42013141228602185
0.03335841428932117,0.00018134280590817236,0.44238413806832816
0.03829445662533956,-0.0009570886081542375,0.35281929776520427
0.03159836773823728,0.00041618937209126836,0.46516277577371273
0.028250864656366784,-0.0007449509095176117,0.42833061419475693
0.027487551974444607,-0.000870762393784333,0.4319088490549411
0.035384014719144825,0.00035135478792477004,0.4316867203820411
0.042196605578385414,-5.5481175748573267e-05,0.37861255915298614
0.03972472534575681,0.00039744258835709614,0.3965757137987039
0.03150364572795869,-0.00031255174817165906,0.44380068746703233
0.029419327257569877,-5.936324549072822e-05,0.4693341917815991
0.035546851293231596,7.23477507060203e-05,0.4265092557322884
0.03898368237658228,0.0004067697800365323,0.40332688107214365
0.033509318502483926,-0.0010639222817200294,0.3814706577806007
0.03664628408403893,-0.0009534920514616993,0.36210000160584177
0.03658361587934683,-0.00014195610244652776,0.4027584762753742
0.03939267429522987,0.0004624444759981088,0.41257792140913224
0.04056525861804537,-0.0004232603050884033,0.3494585140738363
0.030681194447558926,-9.550597519409482e-06,0.45124785761074504
0.03631154850587296,-0.0002851355855368995,0.4062522359049625
0.0360428131773067,-0.0009126170174983874,0.3723126399714679
0.038318816511050235,6.046581208983938e-05,0.398731652752341
0.042783789890383166,3.265892815040687e-05,0.37291709762230485
0.038123402277597716,-0.0003022856515787998,0.37219668628502167
0.030161492984724668,-0.000839302614205591,0.4089841764107394
0.02990638806386165,-0.0008045674012671063,0.4192994886968739
0.0356671356337239,4.390996449707375e-05,0.40360996136976146
0.03589387563512473,-0.00016271065598703156,0.40830494660431205
0.030379046866389828,-0.0006206629685822466,0.43077748646987357
0.038246562192159994,0.000589039984825534,0.4253700250456179
0.03758064296497788,-0.0006980137211265278,0.3716431832924361
0.03743052933656509,-1.3234485608719891e-05,0.4072675695658611
0.03372898467014561,-0.0005461609461903283,0.3965166935365688
0.043976723777725796,0.00021001312241492823,0.3699396449527329
0.03059148199955198,-0.0010601087488513092,0.40223073189399894
0.036578912629087426,-0.0002381660552462153,0.3842440507748189
0.028558466847932652,-0.00043751342967791656,0.4367309303565674
0.04152577855950534,0.0005099739190563388,0.39973485426655486
0.0406901569764374,-0.0001357357224038144,0.3848943504671161
0.03440985548412895,-0.0001809053420708511,0.4168005028687973
0.031128536591531614,0.00040213094852016573,0.4702419346609544
0.03490420852374619,0.0003254203474356305,0.44068072460819085
0.03839676164671328,-0.00018323492483140764,0.38397975853397653
0.03969770019100645,-0.0005079500786693888,0.35082482174138707
0.03629185140901216,0.0001214338699607638,0.4075780420653561
0.03208932172408509,6.223472386343012e-05,0.4390116785149648
0.03336153610288922,-0.0001309381076909995,0.43631070234920666
0.04303714952112025,0.0005502815199146687,0.3825008013482938
0.029096460309499726,-0.0005560253272421383,0.43298966249381754
0.03180155095414204,0.0003263108851931009,0.45051242948394465
0.036685550722079956,7.696626508037121e-05,0.40089557093883743
0.03691792857596654,-7.399307270367994e-05,0.4065324941363061
0.042930964090823434,0.0004591600498268186,0.3849487844135812
0.035169394887942206,-0.00010676580555400586,0.4275911153345896
0.029683029665235346,-5.7161346562432415e-05,0.4530542450527114
0.04065609759395447,-0.0002569308667015012,0.37222511265554054
0.03885725355075191,0.0003710884456342937,0.41392432181035593
0.03686079507330173,0.00017727766180714033,0.42298429140030747
0.042255239659115144,0.0001253792031563239,0.3762870456387886
0.031067696225852454,4.306847570048882e-05,0.44241650391126447
0.034637444275414854,-0.0007410800227939068,0.383290227159908
0.028221881051811885,-0.0008787971077128913,0.4225209939477772
0.03574928520029472,-0.0006106523248296655,0.38105668276793014
0.041592400551824484,-0.00017837296687490652,0.3544683020083842
0.04246405334121385,-9.990202579170972e-05,0.3528943516288999
0.03697967874294864,-0.00022736874205492308,0.37946679403395867
0.04072536193252019,-0.00044733388472559645,0.347847492649225
0.04050207589376914,-0.0002260229150236443,0.37217902194976077
0.03546218754362911,-0.0006094910833273379,0.3984487428223971
0.030227379109619763,-3.151038182695742e-05,0.4475581136018014
0.033041528845568824,0.00012593264831435493,0.43706833085278596
0.03063271819379433,0.00015298847832240356,0.44924913301776465
0.03776978187976517,-0.0008212292887731683,0.3626070895399834
0.02941734916209688,-0.00047656872423184216,0.42574962224005375
0.02724332359479245,-0.0005014564834935889,0.4418959063110157
0.038390167747037615,-0.0006631270798884395,0.37184292205134734
0.04120136826372994,-0.0002396396699537208,0.3778678675344578
0.04079281149691032,-0.00031956678445929036,0.3533890232468073
0.033315271130132246,-0.00013960116639566943,0.4333086253578179
0.031235122120720035,0.00023978141836733437,0.46332526427100496
0.03871506770359689,-0.0005370607850332157,0.3694161099387117
0.032063955126769995,3.836388886554456e-05,0.4525075128835379
0.03783465995098548,-7.82305049092484e-05,0.38515177120620053
0.038405103480220755,2.7098433242498873e-06,0.40705239196756543
0.03353158683376724,6.67289281414303e-05,0.4342826762025327
0.03160733441963691,-0.0005751663151114693,0.42421456518971423
0.03937574600761744,-0.00031433827286893746,0.3567026086676912
0.03109120662273565,0.00022431180455604553,0.45199015638935247
0.039578839249508384,-0.0001498552987280969,0.37584039053215584
0.029671058561834468,0.00018520009443143224,0.45778835735653733
0.02830351513433306,-0.00035309807248440567,0.44350296642199266
0.03512899751645429,-0.0002745011853188461,0.4177660869692034
0.043956363674554945,0.0002328555608401943,0.3697878964824394
0.033771868843482364,9.915444113372347e-05,0.42324478326231735
0.04093146244471011,-4.302663777440256e-05,0.37941283225209244
0.03607124177326763,0.000510994788573433,0.43782479946729885
0.03512324111053047,-0.00016006263344248975,0.42581047052661425
0.02832229081101458,-0.00031732760000498976,0.4457369457892869
0.027759158426320714,-0.0005912702266236119,0.44283264365294217
0.03151741212090408,-4.6532167593895096e-05,0.446033589720385
0.03232122503821193,-0.0003483228189899608,0.4127414214688703
0.039264002437452664,-0.00026776836504904854,0.36757824541090406
0.03169207294868162,-3.631743324296636e-05,0.453460326602337
0.031724174591499454,7.685792967867741e-05,0.45729108482711944
0.041083706728928845,0.00010865432586051882,0.3805106596287421
0.04459184616527248,0.0007931223373554342,0.3843372581037694
0.028402432773287828,-0.000313328732707559,0.45673080061731575
0.03858577915770202,-0.0004350747596910355,0.3650567992276794
0.031333542827498284,-0.0001163178895458002,0.4290066536490869
0.03592486815771806,1.201877389278138e-06,0.4106216935312441
0.04217493945353731,3.927007858373251e-05,0.3806244010387368
0.03604743208343721,0.0003540330189621939,0.42914594969715036
0.031208334755731718,-0.00029337398484067254,0.41762167380312387
0.04451575910535924,0.0004453188320387379,0.3651426765974438
0.03680908148912463,-0.0006413670399704509,0.3726812294978538
0.04315686501627103,0.0006508415900518556,0.3884396920684278
0.03786387697876717,-0.0008904000672221093,0.36109635868474343
0.03621215569602658,-0.00035438298508602,0.39634003116342936
0.031711817535146195,-0.000149325293129411,0.4240884222733451
0.03222746423117173,-0.0003086531645938111,0.43750546697747844
0.03169230394333279,-0.0006139928701506731,0.42192379978928923
0.02990515528982196,1.1196683430217576e-05,0.46076891328378594
0.031556515871449996,-0.0005393465357995905,0.42089233761165035
0.03432426807987052,-0.000196032245254081,0.40580192802479764
0.03932231991061928,-4.8241949774506954e-05,0.3952522837003867
0.03741899153356074,2.2692241403025112e-05,0.4051821664325372
0.03412411696495697,-0.0007693616640903189,0.38504621626933344
0.03324335762350121,-0.0005981100165449245,0.40446241458983845
0.034686923769066486,-0.0002464305070217234,0.39759982343242545
0.028266428218136797,-0.00037187049144674295,0.44028826738719007
0.038098050568413484,0.00029707376679714544,0.41011241719674074
0.030214475984958182,-0.0010925191531914254,0.4038227055228986
0.03309892817749596,-0.0007523732782945486,0.3998355870484888
0.027056035508113557,-0.0008792552542661466,0.43382507618129995
0.03738298475022924,-0.00042119843302625007,0.3862840087223999
0.030214606857346903,-0.0005127044368195893,0.4316818870819865
0.037737600071167554,0.0004995739849803266,0.42489637185403095
0.03982773131391304,-0.0002502067471998161,0.35939221530407117
0.03215093712612812,-0.0006488862359461125,0.4152216449748465
0.03328829340368587,-4.625053287545715e-05,0.4191314709963775
0.035005840449074295,-0.00018435994584916878,0.42601257851987495
0.03104414318808981,-4.328968289104944e-05,0.4395492188244479
0.039082219907750404,-0.0008060154934508754,0.35363527511836224
0.043540475820335746,0.00032426314728006963,0.37150303281642916
0.030120991898747795,0.00017776755583418609,0.46592492190455687
0.04456463217030135,0.0005735634925434891,0.3711572015442588
0.02871465925873541,-0.0008735035891809973,0.4271818485812834
0.03654929565046458,0.00048112595263804375,0.4338892778075518
0.03867425559574179,1.8631344975234866e-05,0.395086026979966
0.03935971980782708,-0.00033452872539613786,0.36890606795085623
0.03257993296689102,-0.00036788860069931865,0.4213465763552432
0.033000323795735025,0.0002099541729359048,0.45333746570473665
0.030592055166658912,-0.0007385875317160295,0.41013933769224475
0.038192135278552315,0.0002197523444775651,0.4142172417020873
0.04212730246509391,0.0001244469659911155,0.38190934034567664
0.04244438589964954,0.0006259729688543637,0.39109182720343316
0.03444339741115683,-0.0002730636058901007,0.40846800918556675
0.03680286730408201,-0.0007246694703306649,0.37832864678686096
0.038750792886526025,-0.000213068848447242,0.3909910098620185
0.03723881643373042,0.00016794928742198652,0.4109940207637771
0.037335312997291384,-0.00033716893214340293,0.39630413867097625
0.03519352489033622,-0.00014532949757894553,0.39881630075083624
0.02824828210997469,-0.00036025487660490884,0.45811398142125814
0.03958285064583005,-0.0004225671301648329,0.3625872384510555
0.04017453019420975,-0.00010623346222401672,0.3864401127917241
0.03581391002654707,9.039940351163742e-05,0.41747719110708126
0.03685536968706453,-0.00046195543754400104,0.3789054173344911
0.04078915996201861,-0.00031723879363358904,0.36982925961881086
0.02797886105616429,-0.0005299799154916342,0.44190818028160284
0.03277286857011272,-0.00025635556250204255,0.42503512847978775
0.03026091308238807,-0.00013227839699713395,0.4532904369425148
0.041680800363298375,0.00047979308327355695,0.3965228623148772
0.0318596270213817,-0.0004433598459009317,0.4259263107622412
0.031796901503108176,-0.00013033022853173272,0.45193898515702874
0.02960484522842577,-0.0002557303525698245,0.43343281063408445
0.027985701608134645,-0.0008564583425193398,0.435152375603272
0.0353523989882464,-0.00030887642831073543,0.4094012409052532
0.03438677231646364,-0.00011754118690867786,0.42212900699530753
0.041628949075955296,0.0003548812979660516,0.38072042019481367
0.03469654842681256,0.0006420753140900064,0.45139167422955595
0.04231799288402414,1.154904444240724e-05,0.35770246224536995
0.03621814358990038,0.0006824622685207061,0.44268897715147787
0.03825832146103888,-1.228064003581334e-05,0.3940296627988506
0.039647050232731185,0.000738472426225717,0.42065615976946447
0.03738207977264201,-0.0010252447650591768,0.35609578462492875
0.038437975243292045,0.0002256005044029949,0.4039149100390749
0.038524058401409725,2.4968558210634612e-05,0.3853336436251525
0.03376414900157473,-0.0010888522104936025,0.37666545621901554
0.04028777649888663,-0.00011564815129193806,0.377357503937689
0.0388055889055023,-0.00021059592305695905,0.36923725436747656
0.03337199905321572,0.00018295845169579448,0.446261416057012
0.03230344961616476,-0.00010194277570985946,0.42605732454538414
0.033436726977827166,0.0001891869968877343,0.4433548315073747
0.03519089680906317,-0.0008552641407363125,0.3799302760852214
0.03851165316663851,-7.479558492502411e-05,0.3818342763838932
0.03922115656262737,-0.0007638000406211924,0.3484226511399416
0.03484681607600794,-0.001032880534280556,0.3715995846376703
0.041360401627380965,0.0004195303907353022,0.3870751868857364
0.0355283083958266,-0.0005382878991532845,0.3948815542678169
0.034318144699647155,-0.00020919042960539785,0.40380513091176384
0.04147566159152117,0.00035209905309138874,0.394238007698222
0.0334527292600125,0.0001279467606274333,0.43403712695663765
0.03904959053288208,0.00021085891315336756,0.39451912750366525
0.034012394264765135,0.0004943349103918703,0.44168388094652505
0.035346179374842995,0.00019912215358430883,0.4192147466103546
0.036437653296404096,1.2362383576464131e-05,0.41499912381821646
0.03196899316868392,0.00020359728675581595,0.44204589117235593
0.030307855906913476,0.000294931921859508,0.4632870446170273
0.037499332557447286,-0.00024253201889821259,0.378296140355664
0.031409656862204316,-0.00040724422706022714,0.4358627020569928
0.037276143529954,0.00041521203681419826,0.4212994312208248
0.032341345097947075,-0.0010351640924368796,0.38914158004421134
0.03437043555097277,-0.0002784384177850095,0.41607988366526105
0.030286862998343496,-0.00019910117873173138,0.4450696722046434
0.03312229287769576,-0.00027366213056862756,0.41162758151727485
0.03786915232691485,0.0007727727934670999,0.43037137371658046
0.04383645052625902,0.0005297060146560732,0.3733590277693649
0.03764287712850353,-0.0003296651073941958,0.3881548475488511
0.0342324845808099,-9.791371249591148e-05,0.42149106084043186
0.03699770559832777,-0.0007948590010705228,0.3637829481521749
0.030417316872691016,-0.00046613760479609096,0.43515471430278896
0.04314696904643153,0.00038806139025966777,0.3813672224027358
0.03717430934805693,-0.0004988319978319641,0.3859556865501722
0.028933992122600314,-0.00016082390078685834,0.4470797036592762
0.03017688431633532,-7.619811888866582e-05,0.4581556868696813
0.027261675702152807,-0.000872346332017512,0.4378761092713965
0.031875611886791416,0.0005298568864380263,0.46388235237806347
0.03249622103217796,-0.0004616283124800713,0.4149558126123415
0.03232641973157217,-0.00012177899829013449,0.44382478429082534
0.029238493624111458,-9.223427727812848e-06,0.4720929580924135
0.033710847985670166,-0.0006115659356713227,0.40024699524834756
0.030949681443631444,0.000214730633199706,0.4592895385335849
0.03547100023429336,-0.0005746107044088383,0.3960580810701181
0.03380007672154175,-0.00017465162020941904,0.41176858524394727
0.03604437292325938,-0.0003149105594699962,0.38377908039662817
0.030561163383440386,6.582155247838789e-05,0.448007712411262
0.041681116355316836,0.00014438663033061435,0.36645773196359444
0.030726597271869514,-0.00034514913660956556,0.435614818446026
0.03346820648988348,0.0004560510440543004,0.44993373602433606
0.04531422741193386,0.0006861446820038003,0.37284223255070514
0.03901833964842458,-0.0002488602576625138,0.3651452120236047
0.03489706186676793,-0.00045643789054124456,0.3992785853597442
0.03401739119984535,-0.0007115366939364986,0.39351393604937945
0.03205221490660725,0.0006512298396137623,0.46547058516858825
0.027161990122680744,-0.0007499045454241837,0.44828022355448893
0.02874218118205821,-0.0008292084397026572,0.4278523222307604
0.03454400430141508,-0.0010489434752005613,0.3742338650237689
0.031105087818225317,-0.000340501143738237,0.42566350125938945
0.03634290424730473,0.0003883183355315278,0.4254860743691621
0.039158172949447095,-0.000642261884515142,0.3638791763440226
0.02967509220868235,-0.00020166542617907745,0.46029420091401696
0.031049710594728608,-0.00026101096971272797,0.4469682671275714
0.03120720653057322,-0.00022307399434563823,0.4425997164871827
0.03875262839573314,-0.00045595446295680154,0.37190163763902084
0.029320213213446723,-0.00045063923653669655,0.4349590967117598
0.038313518551243514,-0.00092663982045956,0.3487092825192419
0.03289684423778257,4.3527092578773876e-05,0.4410514010763902
0.04186155008050532,-7.587152007841949e-06,0.37399593068567105
0.03823808454531158,0.00029983114136868496,0.40887670066202225
0.039545717058049885,0.00027492151950005844,0.391301459516953
0.03538453018689064,-0.00042439960327289366,0.4083661341616789
0.03524032857367573,0.00019209416458727336,0.4308430998613806
0.03205112757578332,-0.001158839116402111,0.3879253168358096
0.034655725106297774,-0.00025662675820258994,0.4219211011282793
0.03170288303272316,0.00045047840699830944,0.4634847181593804
0.029647569741249904,-0.0009300436765150803,0.4182930123101744
0.029985818823570366,-0.00014254536131279565,0.45074321861174493
0.0319138182987634,-9.569231276338732e-05,0.44947303455844295
0.03433938890806603,-0.0005691284060640287,0.39299585503967016
0.03554419001114879,0.00016987809131639633,0.42096243675079104
0.03402039101616331,-0.0003497869109017641,0.4038606928380061
0.028620006442405498,-0.0001277664729749618,0.45104452229354747
0.04099453651745423,-0.000297430016443796,0.3766512498591007
0.029325728778763813,-0.0004819858714974483,0.44583454322463106
0.029646627628750203,8.431411976907383e-05,0.46261869470888245
0.03277893101243953,-0.0009249955974638853,0.38926435714193586
0.03412927975567756,0.00021481234574838347,0.44191618762513407
0.03342763176485212,-0.00021738468430822916,0.43516952474894605
0.036366254153670306,-6.912967176814873e-05,0.40051866464017105
0.039753726609052006,-0.0006664820254557394,0.3584403172292602
0.02916023198139682,-0.0006438492663584155,0.4351292591284537
0.0318057741338569,-1.5833230918976034e-05,0.4287069427273763
0.03443180534134108,6.199335989888043e-05,0.4244957982340195
0.03166131094218845,-0.0003958234361784202,0.42551576927442575
0.03930458588239188,-0.0001162328589167272,0.3979099162481322
0.03411885999730545,-0.00029307272208730804,0.41120379733145085
0.03231121361069212,-0.0010295957822116803,0.39009305683332
0.03605629921933701,-0.0006059426950730702,0.3768188181888198
0.03125295603693151,-0.00013378772047979064,0.4279000489020985
0.036839457914748464,-0.00024086300032942704,0.3955841490982529
0.03692114639714964,-0.00040815567788282355,0.39794220705461236
0.0358947985883503,-0.0004962748884523188,0.38035893069271653
0.033017598474006433,-0.00048607421554872467,0.4211369999524313
0.02945947429182634,-0.00036929661518463747,0.430618983844823
0.04128927978974229,0.00029501125175757136,0.38641682490243684
0.027249219896793693,-0.00048176099887720656,0.4610611631569911
0.04042788836595331,0.00013239013581322007,0.3907359859252776
0.04215456661398875,-8.0663932841828e-05,0.3644609140346715
0.03207532141774891,-0.0005102681367867529,0.4242771620926623
0.03580691369621326,0.0001360812617189175,0.42625684326695634
0.034405635814664534,-0.0006808066162611063,0.38332223070553273
0.03816265238431823,0.00030739791981070855,0.41497355984285145
0.035205042104877925,-0.00040890033154672347,0.4103553962312093
0.035708057547367944,-0.00048360665305307053,0.3810017996037496
0.04209082389295117,0.00026616316318665064,0.3713095726236825
0.03598269748602137,-0.0005177871260577628,0.3926109485603179
0.03974115477584271,0.00024875025001243074,0.39082178220794045
0.03059884982157738,-0.0011527834007661153,0.40009718408583983
0.03002853419430988,-0.00013619362545472854,0.44565596809890096
0.03566067029681315,0.00042049834588275305,0.43162838615520405
0.037519218144398674,0.0003554609525560342,0.4094378045466419
0.03462000903022436,-0.00046934883192576967,0.38853966285530056
0.034088345251854626,-0.0007703282254356678,0.39400739540869045
0.029918495566388446,-0.0009899524677211328,0.4137465372066411
0.03424653057829302,0.00037591566660257706,0.44392930231110206
0.03274647535932275,-0.0005263092170491321,0.4040494661944889
0.04137080279911296,-0.00014654260742634918,0.3723575081041881
0.042566451079793746,0.0007043599516270362,0.39669676674513843
0.02886453734636282,-0.0005776913149443336,0.44757954347262074
0.032272395073561916,-0.0006984871021666816,0.4066046439620098
0.04257566890062944,0.00024632089510760475,0.36758171541901363
0.035867987544204165,0.0005186954328217658,0.43194872633043657
0.03161738782910103,7.220493242207767e-05,0.44810226559263777
0.03778453411433438,-0.0004904854349869767,0.38233437304441154
0.03993141439802874,-0.00011821270927276804,0.3746412829891659
0.03839396279794857,-0.0001267737939589621,0.3805658770127662
0.03952199842478237,-2.599423313787933e-06,0.3804800274794544
0.029251488655638556,-0.000153362349654222,0.44259342787040323
0.03606569262055795,-0.0005729037374520708,0.3949670677565671
0.02639972913351517,-0.0008722715120048361,0.44141339428791654
0.03381927625541207,-0.00027946481463334005,0.3999924684527692
0.03982522656059499,0.00019549788801617816,0.3969961756933227
0.03821986056049932,-5.3565230430844754e-05,0.380117600416785
0.041249284524802456,-8.023081913362609e-06,0.3688562176751182
0.03348746985107892,-0.0010563528921590359,0.3806512184886482
0.033697574152815636,-0.0003412851773058911,0.40930433265338595
0.03889576399396346,-0.0005193906726400316,0.35582064305772587
0.03693002100429422,-0.0005709050158428505,0.3896155414002139
0.04153254829793614,0.00029549945125500153,0.39027545725560747
0.03871537447581251,-0.0007138033558576158,0.35818254299837116
0.03591550096399442,0.0005458517205464909,0.4393322990329067
0.03961374850489619,-4.0070656189165194e-05,0.3788197736957212
0.029691543517251243,-0.00025768377663286726,0.4446990560233502
0.03802964494875555,-0.0002529424107426863,0.3724660413385769
0.02988334587611096,-1.845479935959609e-05,0.4571033228831908
0.03134841776635971,1.7439534882931085e-05,0.44101425854841714
0.034567555566718464,-0.0006811393394986799,0.3936992043430738
0.029253983463109156,-0.0006788703615826161,0.4282052020556003
0.03827073173894899,0.0004279652930593231,0.4159477062727681
0.034993458352520795,5.188590316698542e-05,0.4327036709675677
0.029164250804454082,-0.0005261293610667457,0.4295336881540793
0.03683976842526081,-0.0001779812864701768,0.40583134472745364
0.028697636370506097,-0.000655146471214401,0.4451398901738791
0.029454697260875108,-0.0006045443990074207,0.4411355399565617
0.03589407556172119,9.53131386429015e-05,0.41550748139150595
0.035784338463071795,-0.00022943130279368378,0.40449762817097606
0.029670583835466655,-0.0005124762934989352,0.42323148567931235
0.03877290397009734,0.0001446184399936305,0.3935890462052603
0.04011336184815342,0.00018886031608048156,0.3997055082877802
0.037399737724980855,-0.0009342413713279256,0.36124955447884627
0.03375522113772726,-0.00039008138635688227,0.40096777289614177
0.03549715119816813,1.1185177098371052e-05,0.41955493344851635
0.03361593134988777,-0.00026266854916926624,0.4068030387538881
0.04406118137701029,0.000744076936565953,0.38667039399327785
0.032886701051995135,0.00029285854316841607,0.44581474872457216
0.036396867542091295,2.1658193815668296e-05,0.4134901267126725
0.028879619581303133,-0.0007253924788025875,0.42208159561824377
0.04021246422773297,-0.00012178347351159092,0.38167294179903255
0.029521130577815947,-0.00015758901851380645,0.44622017152325943
0.0331654137525548,-0.00046884185085646363,0.4038169569681944
0.029937084440413868,-0.0007805317024481995,0.41781766077327454
0.034164606168017794,0.00048340682330262315,0.449269596371759
0.02962592816463013,-0.0011036397771550291,0.40627794163149156
0.04005202340665903,-9.876362938481594e-06,0.39451038747671013
0.04292291491087348,0.00022729818308934915,0.37172983134134635
0.03596609486587493,-0.0006087101650685909,0.3839569167829356
0.03639402695315822,-0.0002880834163755115,0.40192037295104127
0.027242332779393745,-0.00043080049608167385,0.44113834239203303
0.030269818566893723,-0.00026117890764168917,0.44380129961968884
0.03303888300686207,-6.497397231918813e-05,0.43513897970136933
0.0420452715463209,4.134323736222547e-06,0.3628414338427691
0.04094699579833797,-0.0003194718356940799,0.3566072216115497
0.03757555081324841,-0.0003749428415481767,0.37651629138344833
0.034944711061672816,-0.0008822635816935417,0.3740714826588928
0.038158150213030526,-0.0006124261290268592,0.37545898677372325
0.04176925452068965,0.00014290516186473432,0.37451858678222694
0.03981917028457485,-0.00013776187980901007,0.39102888419268883
0.028151709965985497,-0.001108220155160208,0.4170013540161195
0.027698255988375407,-0.00031468854251464,0.43997507622518417
0.036854038554358606,0.00028257324198356377,0.4160344070192786
0.030623963492683766,-0.00030386511734225565,0.4360778927617618
0.038716666970765895,0.0006314584097402653,0.4185359318389199
0.0407978019100112,3.833216879799671e-06,0.3827495811757704
0.030395280803839943,-0.0001851307244685389,0.4436808772982618
0.036438056515929025,-0.0002585162679948987,0.395447214742064
0.035797204404836795,0.00036257238806266124,0.43402215039568737
0.03896485495481721,-0.00031604383040555965,0.38016783880114247
0.042594989050776536,3.5971222125795715e-05,0.3740305800997152
0.030082992929397926,-0.0003007492223797087,0.4389041870107063
0.03528163917497967,-0.00026765351799695747,0.4149813776517076
0.03155631662217163,0.00029440507357145554,0.466526967497957
0.03480255820888499,0.0003557501896284047,0.43230807600796156
0.03731240106893136,-0.00025586964424078066,0.38890443776330663
0.030997577510639026,-0.0007697240869960612,0.41628257118647305
0.027416164359880008,-0.0010932984174307865,0.42699180630127453
0.042381733924609095,-1.9600033652605268e-05,0.355523382936208
0.04250685017521025,-2.193603295018486e-05,0.37505738607655337
0.03172535774639712,0.000397264274229708,0.46393827197532933
0.03029361157299051,-0.0005085729320357143,0.433436018764247
0.029072987352317888,-0.0012051411145158927,0.40782776908096663
0.025614318153476763,-0.000932314263561905,0.44629320452764415
0.039083190975842376,-1.5297395135976943e-05,0.3870351823175595
0.03899159093337756,-0.0003022916692661981,0.36857686656342686
0.03870135014184408,0.0003948334721569093,0.40647649879330494
0.028684049176989225,-0.0005122042857903077,0.44695540906258124
0.03872538267052391,-0.00011815941117382768,0.3823971500739707
0.03946007799759149,4.408722917895701e-05,0.3992635602830207
0.027328085026385382,-0.0006755355771873878,0.4400661655121091
0.03690429766918821,-0.000535427481109517,0.3718654040520468
0.03784776763119157,-0.00014389199897716894,0.408927603680557
0.03910731051790393,0.0004955982066788709,0.4127941000220601
0.044140025972931624,0.0002404144844549423,0.3643879601217154
0.03564448061948627,0.0007808171354027351,0.44814490955959185
0.03584304376606177,9.24922450650104e-05,0.4210955577229292
0.03845556735498521,-0.0006238903278672852,0.3660479673313441
0.03879478027416169,0.0007599320310195789,0.4257213617764959
0.03729019019997385,-0.0002757075636662912,0.3825016609891294
0.026990617739590318,-0.0010104965297751396,0.42738516491622497
0.032903046454800945,-0.0006015866591131563,0.410748773213792
0.03311401550104373,3.3592057578251885e-05,0.42600603471483056
0.03522758725807625,5.0569316523222003e-05,0.42538944301398185
0.033619729351421324,1.7681321341644126e-05,0.43947755981648107
0.0322519586909988,0.00030419703239154645,0.4528106424562829
0.03202872285394416,-0.00011174433388105517,0.44573776926674097
0.03241632629866381,0.0004271585919364408,0.45623302206435357
0.03838824396853175,0.0002526564581376901,0.3986705363948107
0.038844878845436914,-0.0007798528025419159,0.35999354556200935
0.036920728279193495,-0.00030650192301397454,0.40576917545016705
0.04114126076397498,-7.839337618765346e-06,0.3869614620290119
0.03513401868453185,-0.00018554138794878898,0.42350227165290133
0.02807622256558215,-0.0007251661627406718,0.4369913036545114
0.03512342126376994,-0.0002023321611417865,0.4061545037548206
0.03626545636845883,-0.0006175436486898322,0.38783156928839313
0.03574732554079819,-0.0005524492956488431,0.3840013911703124
0.04001198134270259,-0.0004997891394362976,0.3606940814682597
0.03897332843375127,-0.0007948673631178304,0.35264973195034105
0.03366171811727797,-0.00020031620791732038,0.40883388314038327
0.03506347729411998,-0.0004112706647322003,0.3886976695873518
0.03824934584999562,-0.0006163471313791382,0.361362966319153
0.040642245565958704,-6.347359906508105e-05,0.38011841584987416
0.029371204653558837,-0.0005587692212580733,0.4352351343668286
0.029823406911137777,-0.0007740104983653445,0.4166337762335419
0.04355670089011687,0.0003662667498602313,0.3779410287363978
0.04139605885150169,0.000690029185929962,0.40603732892462985
0.04120781666465404,3.648259239049257e-06,0.3860701065108466
0.027071658240533564,-0.0007527407017678097,0.4340513780573317
0.03628780096154959,-0.0002704366114250128,0.3920493230965485
0.03434224033316699,0.0007002413976064672,0.45559764063065517
0.02723763267060862,-0.0005761514487857542,0.4486565352441992
0.0362355138753922,-0.00016524137138022952,0.41626422863369783
0.04091802657539796,0.00028795034451574095,0.3971140611481508
0.03327565748758562,0.00014862518200004513,0.4441174620204255
0.0331690304593011,-0.0010254437680880983,0.3842977446566934
0.03205449426344653,0.00021650085972635446,0.45568740170736455
0.03745445818189595,-5.616298668676073e-05,0.38989530849782716
0.030523866341766175,-0.0005882358865306287,0.4311980523465656
0.03212901445462604,-0.00040788246901834633,0.4077963820936926
0.039446581095224954,-0.0005891496069217027,0.362366664819095
0.0349133616375614,-0.0002707717315092858,0.39627127609866497
0.040032165989208016,-0.000105907303377326,0.38237043516685515
0.0355316143273344,9.075541978795492e-05,0.4232578926946139
0.0281576787938678,-0.0002799453521818572,0.4595330803227221
0.03564546115654784,-0.00028262109206296775,0.39222030273406355
0.03763074874969396,9.269750730421132e-05,0.3990375754497031
0.040523263482396286,0.0006717903629527159,0.4068188046578879
0.036800068940691835,0.0007080521891168539,0.4393891160461819
0.03343913046045404,-5.371124866343632e-05,0.42397966951358657
0.03410157839721986,0.00018249305259835985,0.43754040696126184
0.032351213437978144,-0.0006758865496630274,0.4044628063277536
0.032852247404032454,-0.00012882964171346753,0.4250713052802383
0.033361932545754036,-0.0002693130331336206,0.4225245471996945
0.028917701284996426,-0.000505813741968621,0.4409026466544429
0.030251123524864504,7.359545575836516e-05,0.4672613600207593
0.03662062283437967,0.0004814777218203046,0.42395237307058936
0.032221809535603496,-0.00020759161304342638,0.4142919103843879
0.03125747061702385,-0.00013300810605635987,0.44931025685109977
0.0416643029289165,0.0004350508979911365,0.38535563146503776
0.04234757668219519,9.940793838787492e-05,0.3744039933521236
0.036732243710949325,0.00017533027659848458,0.42282957176057356
0.030174030899248687,0.0001567066718730385,0.46350250135564075
0.03255729995141184,-0.0007646685928313383,0.39730292547151946
0.026605933744334287,-0.0009297861598471968,0.43364652938666864
0.03891016849455033,-0.000490852409824031,0.35732069996326377
0.03410167967674099,-0.0010715885005476455,0.3783372885119597
0.035998933951111936,-4.728385289647823e-05,0.4019690373241714
0.035346892896948374,0.0002847839681004013,0.4378495754754621
0.031007077719627026,-0.0008163216894702106,0.40766419274371224
0.03929077133464835,-0.00034233802536986525,0.37369500303052927
0.034269178096300784,-0.0004319890328950979,0.40220966788209933
0.03358645624937133,-7.395979292543209e-08,0.43167658078634175
0.0402059274008912,7.999332385388597e-06,0.3849074679345409
0.029039470932445778,-0.00011876754316463966,0.4470965385385407
0.03967520139870812,-0.0002127387912502143,0.3718728757570664
0.03476124748668398,-0.0008234815195537447,0.3793309616582241
0.02921461031556672,-0.0002755090984125964,0.43384078442097646
0.03031217545654983,-0.0007955030421926668,0.4148316469367157
0.035341570135228956,-0.0009440881959434954,0.3690786150390587
0.03686312930794393,-0.000334670496802482,0.3748184215044803
0.03747303764370503,-0.0006646200057146352,0.37838931136374165
0.031494080136054106,-0.0011061251005392006,0.39576421410779933
0.03697485865335794,-4.0840357226246734e-05,0.39180414763123156
0.03648186339008355,-0.0012155044266384564,0.3528619917942132
0.03079872075354676,0.0002442623412204762,0.45670370752787287
0.028880743335053388,-7.723571926071017e-06,0.44935695369889767
0.030311697304411255,-0.0008997691158281586,0.41039208433104024
0.03469281770564698,-0.00014877811487320775,0.4025954531652066
0.027912208051211473,-0.0006251548166051149,0.43482586457908773
0.030596468282570427,-0.0007698991836518846,0.4102438073928926
0.043911175364136565,0.00030329054922126775,0.3755350310004748
0.03509953101435105,-0.0003165126581909333,0.4078697879043761
0.03217789405123561,-0.0003209924935844966,0.42960831488333
0.032995946903744335,-0.0002515152037649471,0.4343195459175229
0.04263103436291034,-5.158266610300619e-05,0.3732164525981827
0.0373736453445129,-0.00015902451658827543,0.39293247972934914
0.0353830661704383,0.00014150728788045464,0.4191598028544681
0.04588149338179961,0.0008115594343737226,0.3758476796380808
0.033769146556703614,0.0007783998100329929,0.4617104612500721
0.03121615709788594,-0.0004867766865465778,0.41184671346740004
0.03490735320214815,-0.0003112902605517539,0.4030585505196897
0.04240256170798183,-0.00011515062716610253,0.36888292957147556
0.030340046586555952,-0.0007378262211697817,0.4128197107323187
0.033887285863949235,-0.00020129117943196292,0.4255322329487601
0.03696866561512373,-0.00024895349454281523,0.402970882216405
0.037411666737389014,-0.0008066799646850539,0.36807630622289556
0.0391069416789219,-0.0002602675047673948,0.37463784120070026
0.043113655116897145,0.0001120231240779937,0.36185029239917466
0.029979429898592806,-0.00012506092095353888,0.4435884063943952
0.03393722162598157,0.0001660704233045927,0.44292192130117214
0.032422113249721045,0.00019290575245446652,0.44351186115373675
0.0409858134867434,6.548041678384282e-05,0.36722996652006284
0.029595668618335628,-0.0006977471072744106,0.42016641117371156
0.034545117750553946,-0.0005341214615647845,0.39994958024741134
0.026060301352778772,-0.0009580645947226516,0.4419913369801717
0.035589649812710344,-0.0006374872519478892,0.39263050483049433
0.03677259735842018,-0.00050353087894874,0.3700674582438187
0.04047555113496096,-0.0004381171880458827,0.35577997847542986
0.03515978059777261,-4.458621605832455e-05,0.41053706423592906
0.02796303520494632,-0.0010168182487300613,0.4257238725895805
0.034550683101331206,-0.00020214580301239782,0.40369953880105564
0.029459882891471365,-0.00019000818990520156,0.4465353485482849
0.03069506480525063,0.00014929921845089353,0.4631684372694942
0.04048740810512047,8.991707455304355e-05,0.388761177719714
0.03455450983904704,-0.0004082246426798685,0.41140947336177874
0.04417431551319597,0.0003594608595759519,0.3715133649657062
0.04014399336890709,-0.00032267515833571143,0.36326599462909603
0.026446331169765233,-0.0007819340176014248,0.44260533135845137
0.036970231828952524,-0.0003976975715153934,0.3939731974310496
0.038014532730264894,-0.0003635504462428307,0.37792640946639444
0.029364673074511842,-0.0009601554262344178,0.41749618512182585
0.034909397037906326,-5.8287418973964646e-05,0.43017566472340285
0.03558164662970042,-0.0006839534670267174,0.39036936710201403
0.04490382156618995,0.000609072214057968,0.3785786231706639
0.03206292559115602,0.00015109592984986287,0.4505306796861739
0.042843153088910804,0.00023549039140062728,0.3661989090059204
0.039930068096366525,-0.00016434687530396353,0.37084338926409266
0.029904577118714585,-0.00033974736085853755,0.4386395983239851
0.03561130162052351,-5.318112764629915e-06,0.4178812972409258
0.02924133729342121,-4.921864529133834e-05,0.4518352607317534
0.030796178177639175,-0.0006001102821662579,0.4226876896667182
0.03402386121094012,-0.00015881104898512024,0.42741951163321723
0.032680746148053205,-0.000679333276136917,0.405894401332915
0.030384375113629812,-0.00013539452325469136,0.44389807193511277
0.04231625391371209,0.0005813729355143848,0.39295269328312415
0.04214587825964944,-9.527636961599324e-05,0.37919476321929085
0.0329730589932944,-4.2869476063611776e-05,0.4449738891995958
0.037575418852769486,4.170849033367438e-05,0.39547698122139274
0.032804998395969905,-0.0006454187644369153,0.4095753041282181
0.03224603437296794,0.00016541307810060942,0.45438122723779595
0.034913356772289066,-0.00016979453885423556,0.4015825145802635
0.02834943747458356,-0.001067141488662814,0.41893570369781796
0.03424525895074092,-0.00047263598812941803,0.39117216223247314
0.032846042752261426,-5.446940969752864e-05,0.4322429938462702
0.042262055572323744,8.577166348334607e-05,0.36072161724332635
0.033507103760466096,-0.0001847062825200002,0.4071951833598604
0.038139791283564616,-0.0003989661861409058,0.3849747965189252
0.03989631478975941,5.997260930979851e-05,0.387580865616724
0.029445765931801683,-0.0007203032856684835,0.42088832921547403
0.03894168242950499,-0.00047602335319771273,0.3652305961524144
0.03444268876698921,-0.0005405018379871667,0.4038897632555045
0.034225271361841766,-0.0005701878537229875,0.40078385644212605
0.03208134779478815,-0.0003604884815877618,0.4250214086823414
0.032985515205690666,0.00014982792339902472,0.44302001703412186
0.04258932145709386,9.509426723411244e-05,0.37934509402928107
0.039850516446400475,0.0002551930942437299,0.40131388126194445
0.030048301172300347,-0.0008882082179109472,0.4084461278508331
0.03593832355558455,-0.0005461070671959321,0.38691096141202536
0.042903524434177,0.0006923279166080754,0.3932328045231523
0.039929274408426745,-0.0007022359443669356,0.3567673910118193
0.0305983786052944,0.00029071413799460237,0.4699202300727666
0.04084864723950467,-0.00021097431929426773,0.36216627314117156
0.02775937373015361,-0.000730394416225591,0.44099368293588936
0.03176922010588608,-0.0009303308217323658,0.39611290487446
0.03336387375749047,-0.00037766455724604986,0.40418402037499485
0.03846562365085328,0.0005903769154900857,0.4201156994621989
0.03860593086464075,5.535937445802063e-06,0.40474949150925366
0.03693559405111284,-0.0006071441200361026,0.3771260509706488
0.03948998965633217,0.0001107840635490142,0.39000186204760134
0.03626611567761026,0.0007215669352710155,0.44316581639351504
0.041116774505653125,-2.6126099745602416e-05,0.37657335609882076
0.028204334423029293,-0.0010259893491869863,0.42060321025132047
0.02857784306200577,-0.00042725313099092237,0.44063574047505405
0.040157044700691355,-0.0004140415250611421,0.36439507514899655
0.03660649594931322,-0.0003996560415272369,0.3934630233775372
0.03339790237917825,0.00044262247925509887,0.4543054678657308
0.03386801811762493,-4.4640976687253513e-05,0.4236019028073433
0.035404848050029664,0.00043007332120458897,0.43040911230942064
0.0310433444923967,0.00026762154119369533,0.4610252654406654
0.030316378478410864,-7.841010706536797e-05,0.44576141598999774
0.044110084836062484,0.00040305339257431247,0.365094302940138
0.03879700345903222,-0.0004305592163749237,0.38032902107576805
0.03564571329828267,-0.0009301129062664931,0.3781811209186747
0.028578578984395153,-0.00041813355175122566,0.4355788296794766
0.03068830921781137,-0.00024155739950014812,0.42956109980724877
0.03503155552841565,-0.0009002135659019299,0.3832431597416991
0.033301103720692414,-0.0009599042255501538,0.3893283526358231
0.0304609796503978,-0.0006950443261839038,0.4242256571148177
0.03051735195191415,-0.0007051261369946838,0.42033229989953985
0.04092899457817406,0.0007694651112441441,0.4087228689128426
0.034691462745642006,0.0003165576120412574,0.439340324959976
0.033720555497663486,-0.00024592487359798845,0.4031578736660409
0.03311531636225007,-2.0742861053052886e-05,0.4474558366989294
0.034666090765249694,-0.00048384862839549736,0.40809458279582167
0.03826938755325731,-0.0007753157119763984,0.365846178332977
0.03357436374068562,0.0005308516893390925,0.4548629751959094
0.041402891403501396,0.0004333975808505585,0.3864634956833399
0.03165330622091603,9.714365537535517e-05,0.4470073660786107
0.033598328533163614,0.00029611690689667356,0.4396144061787592
0.03407114207849616,-0.00026454058533126323,0.4118453067253316
0.04132891766076881,-0.00012458049667771458,0.37496592207416235
0.03344042999142693,-0.00026708277234626775,0.425758879431008
0.03752964806081267,-8.24118066840864e-05,0.4007491651677634
0.03391881439447891,-0.0003628251525278118,0.40620455682883105
0.04076935879895189,-0.00021466307285240155,0.36328964078453574
0.032360884531436734,0.0004445704530184921,0.4629671168304483
0.027559710014476102,-0.00042424257663596513,0.45943218321810936
0.04231926680544072,-0.00012751536655395638,0.3640194246865047
0.035196231801249055,-0.0004972857196035253,0.4032494658977862
0.03567332982424805,-0.000633515962062312,0.38293464717799475
0.028051910883227248,-0.00041663261412073485,0.44313942589855654
0.031827414556372766,-0.0003649521869799671,0.43244882401660567
0.04120057198930504,-0.00026688368237370386,0.3646363117097814
0.0393973245303134,-0.0004632012938837315,0.35972917928345205
0.03076488756821963,-0.0006937470175472464,0.41101682215290347
0.0378166894886323,-0.0003918263040601673,0.38129320767757946
0.04190751637607839,-3.7566918788025424e-05,0.3733064905784197
0.03474051630169066,1.1961769821779676e-05,0.4089792243381628
0.034622114560027034,-0.0004622872193345393,0.39932021186149125
0.040329213959589494,0.00013543352100203916,0.39403023980353485
0.04162546029587621,-9.745478659951368e-05,0.3581548339455661
0.02723749539223283,-0.0005617981797873556,0.45837782750394956
0.03539768826530133,0.0003087298985715828,0.4365468475405435
0.03573133530679122,-0.00033513111026797033,0.39731696741806966
0.030095829536472492,-0.0007752309776198401,0.4255006574085225
0.03196488801037452,-0.0001386033955387521,0.43256659660578395
0.042247182905172695,-3.682627721886137e-05,0.3581437820074065
0.03910897670840413,-0.000199519884562968,0.37614250777948266
0.036505217179108165,-0.0008198625657071328,0.3760145196569464
0.028538928654748587,-0.0007243618853190461,0.4393755964900812
0.044766961362576754,0.0006076391292345858,0.37399414111218565
0.03247483272049557,0.00032094361099319806,0.44719552223503356
0.04095479492534986,2.2809913644842444e-05,0.36553626833906555
0.039657496127465046,-0.00022641068182596268,0.3874325008697934
0.03427177816789387,0.0001713718081922306,0.43859365212296597
0.029180196211426902,-0.0003404685264409395,0.45069929597829295
0.034505919539527294,0.0004360973236318213,0.4387389823125917
0.04192457607055832,0.00034897151887247103,0.38469924158612123
0.041785294916137035,0.00048827847451748084,0.3869527316615265
0.03628769355023178,-0.000571033957899255,0.37213145149814353
0.038553896483576384,-0.0007212955449463323,0.3648711918508728
0.040017950402083,-0.0005105455300387653,0.3698843259474567
0.0331990157424763,-0.0005335895138131085,0.41449299933083317
0.03618341512717273,-0.0003628193023332603,0.38454164851198314
0.02958082462467744,-0.00012558408495893765,0.4426261720065575
0.04326745158266524,0.00043006562134812127,0.37880736482875244
0.03868305136112353,0.0006550208509390884,0.41902120720402924
0.031201095452747643,-0.00023791966880500276,0.4256806707197685
0.039152704187036494,0.00017239569152533102,0.3953768798094605
0.034860551431563046,-0.0010695323093937261,0.37316749137974825
0.04068145397587593,-0.0002624273700850589,0.36899068381220385
0.04326380478937064,0.000155762545051633,0.3612685628718505
0.03380134542062132,-0.00038685120892805337,0.42217193297575084
0.03741170884397749,0.0005539536497143087,0.42295141522799
0.03922313222538197,-0.00023049353771617542,0.3821152721186233
0.031602819732335224,-0.00011906348569287089,0.42909723957291535
0.030713544317454766,8.918641984657395e-05,0.4446252488562673
0.04050532149575004,-0.00018072749782362422,0.3805871929343009
0.03914544706461198,-0.0002449838101545379,0.39228953978741676
0.03216406943006514,-0.000293649989662385,0.4331834570892577
0.0332013182790737,0.00011558376690641407,0.4374971043296463
0.03569193750373924,-0.0011638338076383993,0.36167327992060405
0.029237512724453622,-0.00022656624732354498,0.4575756732803093
0.03232430755701156,-0.0009310215116221611,0.39770576631601495
0.03988595857615856,-0.00025485690656105054,0.37451902580755686
0.03791943766956757,-0.0007466087284006269,0.36852884686978926
0.03576023124548187,0.0002712288540462136,0.4282796511343378
0.03602052507978766,0.00019312820392969375,0.43172284915579584
0.03034602519054238,-0.000469371811394597,0.421452489797985
0.028589350070333856,-0.00038503042178100397,0.45624163759154246
0.03943257815410754,-0.0006180490433225815,0.3597372813093715
0.02824209819201216,-0.00037098900382600197,0.43870668700382764
0.03676105675604023,0.00011102834211392226,0.4139581526295046
0.03384066364637993,0.00018186392591330956,0.44472620245748934
0.040996158253098415,-0.00022845039895513786,0.3650131310363831
0.03598013431924347,-0.0005518795176764815,0.39073827638402725
0.03701967986816223,0.00019721995250207873,0.4217761659780169
0.036112556084054684,-0.00015184428298191084,0.4035237780317469
0.03659094145876457,0.0002609818413335449,0.41415135158960814
0.03375856649131692,0.00036894933867418324,0.44866113809776215
0.03311809739904124,-0.0007253319331545303,0.4070562057064566
0.034236430889792044,2.096505536210852e-05,0.4201663226966811
0.029891489655977283,-0.0007788020702240925,0.4220939042864317
0.03480925860132232,0.0001405378438622375,0.4332790418153529
0.03691622600026115,-0.0009299643773907095,0.3634262374711356
0.03399801601778226,0.00040121290267903413,0.44114780157232053
0.03315272673186014,-0.0001452172773525836,0.4191108295652478
0.029293265938463223,2.7270991096229203e-05,0.4538140304075047
0.03778658962894277,-0.00012742509533751048,0.408682377945267
0.04135063447520288,0.0002829587317550587,0.38782606512070167
0.03212802085736175,0.00023807136803417287,0.45050948907217014
0.04085155681619618,-0.0003807980741383698,0.35237321756369644
0.04127212814995445,-7.551141071515926e-05,0.364341782653182
0.031844073002583385,-0.00019000600541807479,0.43183702233045906
0.03649765221616024,-0.0008238496010905998,0.3727259284154144
0.03958236427483536,4.843005500152061e-05,0.3769438090401943
0.042950111191099,0.00021285725453443075,0.3732247428849862
0.033318850500007435,-0.0003304927875404252,0.4201722681226281
0.043144032334943405,0.0005194664104793511,0.3810211212975265
0.0341300765659592,0.0004206389066975665,0.44292042737753345
0.026875079834004077,-0.0006013067755036706,0.4447982621764274
0.037059881797161645,0.00017681755952885653,0.4035308771819238
0.04294525853327247,-3.7318898735933925e-05,0.3644801191851774
0.030813374972317245,-0.00022968477222036444,0.42333591550894095
0.03802816054107621,-2.5696557193283665e-05,0.40332129144978224
0.0371380158108391,0.0002450047197090255,0.4216084539577526
0.029125051893822536,-0.0004340640367726063,0.445306651827783
0.028445910680646568,-0.000388150090372828,0.4373081658491339
0.03380090705657749,-0.00026296753132169434,0.4268085937511703
0.031176047372586405,-0.0005827168397411456,0.4116816584366164
0.038723149482069966,0.0004844220872085945,0.4103412970457088
0.037200069460143745,5.7251413158310865e-05,0.39524336902904456
0.029240136788801243,-0.00038022355768085967,0.43989676858149873
0.04453154256526878,0.0003621329928512858,0.362942174994962
0.03099469015042297,-0.0005850615731107169,0.4250090574427078
0.03237396421519091,-0.0002327593297189053,0.4290501830594592
0.028563709039535843,-0.000292720999835253,0.4434440136799406
0.0411665542083509,0.0004672946934087363,0.394522303072535
0.03792868414232377,-0.0005078992164964293,0.3700909491430925
0.027295050492913538,-0.0007334637797136046,0.44662150052784577
0.03316440521596379,-0.0009790969008276213,0.3845132278073218
0.03427165868305359,2.5911235564926062e-05,0.4196916297674228
0.03771079245114458,-0.000385280463831282,0.3754708756087007
0.037916088036131175,-0.0008219591876589263,0.3666734432906429
0.03215891663576623,-0.0005254420997701285,0.4143650844485429
0.033777547731578816,-0.00043148077741078867,0.41787961332082896
0.03687882104823202,-0.0006083631928266373,0.37457309267334826
0.03736625889626996,-0.0005463973924698007,0.388860976387166
0.03604991816774664,0.0004087190097647013,0.42864110974848274
0.034088262856101614,-0.0007201041665907694,0.3842252543433047
0.038077933712999196,-0.0010149950573366965,0.3522985922483729
0.0388291294662666,-2.3481378284916955e-05,0.3899653002456308
0.029496390330253162,-0.00043048767256253584,0.43256334975495714
0.04139759087566543,-0.0002122376943224781,0.3645034017003508
0.03377649906896601,0.0002527447906577633,0.4431341357422251
0.03998469022366429,0.00020471876541188622,0.3867052244286485
0.04345564782486292,0.0005030399904953358,0.37638374607555203
0.026739399411624364,-0.0009674663041057915,0.4325779078534354
0.03679628100733927,-0.0005627482332677038,0.3862296835567278
0.03376859085577613,-0.0008327405425212447,0.38788224767068796
0.03983975602870668,-8.137004944681545e-05,0.37670482355108414
0.04006383026148888,0.0002878558402961387,0.3968337665875468
0.042134650453523,0.00018593406519323667,0.37001150847122233
0.04109228447371685,9.717297321809332e-05,0.38140682264369974
0.033809850732327174,-0.0001602539813931013,0.4271445496576741
0.03254167025161619,-0.0003141915871030438,0.4147873983222058
0.0383093741799246,-0.0004317903438724466,0.3752238083299537
0.040019256564134624,-0.000367440892546542,0.35614715925455476
0.0360933975762555,-8.977459533704218e-05,0.4052238215535161
0.030070617597873467,-0.0004287862558325973,0.43830464910262334
0.035519529001501626,-0.0004669879148840616,0.38589325050952195
0.03764937799812045,0.0006084067904959726,0.4256055625225731
0.036443246774663623,-0.00011281771788577543,0.4193726580895707
0.03663589988782462,-0.0003329609960428378,0.39228270245714514
0.03941770819089283,-0.0006880468257429917,0.35160533662767657
0.03983883680654085,0.0002060389420692429,0.396883892728873
0.027810362983235873,-0.0007433209927187982,0.4341615649124127
0.03665374308597076,-0.0010852230506774438,0.35832138042506184
0.034992268778583316,-0.0003404439165999437,0.4099396027967314
0.03359287966650398,4.486623932002101e-05,0.43935448448366193
0.036164810582906555,-0.0003577234744423898,0.3893656720659726
0.03535318796260046,-0.0002088182202799652,0.3925746528142844
0.033673721687387935,-0.0008375648838684835,0.39229146840822016
0.026259843631306935,-0.0008677508480921139,0.44133814034389257
0.031561465140974174,-0.00010204174221803419,0.42475912424637063
0.03178738649197737,-0.00015198990906060148,0.4380521769387212
0.03335750827176939,0.00024663110764552637,0.43782782788915864
0.02842367340843166,-0.000761735848516608,0.43325269229485797
0.02663731734787426,-0.000899434991156764,0.43274006745084326
0.02745859064102,-0.0006438628540112899,0.4442333656329014
0.03292306051590674,-0.000597250494679874,0.40705306739712116
0.02774609898832883,-0.0003895178342151252,0.4645178742277351
0.03972130972533933,-0.00040955686588178527,0.3688708626657282
0.037957663673009956,0.0003417222149293543,0.4096818421271841
0.04173702335279597,0.0005144271580344523,0.38953010965328844
0.03160076567105395,0.0004737428088545624,0.4636125160585707
0.043885432662758427,0.00019402874283522796,0.36730685596936535
0.029997803281564126,-0.00018962879598841739,0.4564160072103963
0.032153211838853016,0.00016202308684506485,0.43708472781911023
0.03040387459182595,-0.0006819120755699368,0.41137617422788103
0.02636088957831661,-0.000797657962873983,0.44606895492730436
0.03970017493478087,-0.000632902350857356,0.3628014368943424
0.0424985969537514,0.0005244051025135974,0.38481527583283526
0.035127185506602175,-0.00023917791150877919,0.40342105374085996
0.031518604257949015,7.261417700050229e-05,0.4349481728107338
0.030189148441872198,-0.00016322746768581992,0.4362492849836068
0.03216490163616435,0.0001375156266594183,0.45622898492557923
0.03042756008218813,-0.00025227675778471004,0.4307532723599815
0.03785239369563819,-0.0006179222671974433,0.38023941062402344
0.032480776237416756,-0.0001405066511775033,0.4214422035735806
0.03581984570908778,-7.663670694538043e-05,0.4153580362960799
0.03406679391908955,-0.0011988668932025274,0.3737130950368557
0.04382712153127769,0.00029289164882093967,0.36899226668129637
0.03599346365616339,-0.00023507676894576847,0.4105633725581399
0.03320605001889542,-3.7415074888648946e-05,0.4280442185050113
0.03181922266838951,-0.0006043014530624368,0.4051139342960046
0.03863144005493879,-0.00026946644343545535,0.36693881057511896
0.0309593068659184,2.7419014433817303e-05,0.4548835052820239
0.03878863859844014,8.020173885213205e-05,0.3896994231831727
0.032167744819604036,-2.731260550298308e-05,0.43927630233400794
0.032555898290749556,-0.00041310615357949667,0.4092413833723729
0.029297381554114578,-0.00032635003758314926,0.43744833850988063
0.03711448580072361,-0.0006887066266755577,0.37751777416959187
0.04028223122654039,-0.0007139973659770729,0.352790583196481
0.037573794662236204,0.0005145193780853583,0.4215920866775929
0.0321105225328289,-0.00040966908474834775,0.4089286670099643
0.043157417965007425,0.0007353760186453681,0.39209859707804967
0.03690958455858574,-0.00012724977913294074,0.4039799367645754
0.04315889417002591,0.00043289103259874827,0.3812127387365787
0.03498359749141268,-0.0007845799513287294,0.3778843982506774
0.02878321615807785,-0.00048194732110796263,0.4429994741416157
0.035352010057959196,-0.00017216829084225165,0.3994260867637321
0.029720415930018305,-0.00047948329767522405,0.4290443656262563
0.03666291793396396,-9.177463681279713e-05,0.40810631059811964
0.031884232496686746,0.0001572411269975633,0.4543130490928616
0.03904428928380395,-5.2403280430431826e-05,0.3987390831073268
0.04213696268369173,0.0003314033125871819,0.38956551320091115
0.03953169123494819,-0.000524609415213784,0.37352540079005553
0.03709831698318336,0.0006091184769183369,0.4326508307365622
0.04112455470744386,-0.00011781796605718443,0.37146212618067576
0.04002487609446823,-0.00034610272490618373,0.3595622936160087
0.03763676373347579,-0.0005524037075838994,0.38498629739702894
0.033852915285499455,0.0005530901238025459,0.45358245029592514
0.029816228664834608,-0.0004680092289587692,0.4377568865618672
