P_net_W,T_in_ref_blk_K,p_high_Pa,PR,T_cold_set_K,load,T_HTF_in_K,T_amb_input_K,eta_gross,eta_Q
34766087.2306,1182.67187304,24528420.0538,2.99328598756,829.63957972,1.0293900207116229,1163.838326290626,283.8133718118509,0.497571025364,1.03029881452
34766087.2306,1182.67187304,24528420.0538,2.99328598756,829.63957972,0.9168262592478174,1080.8740766508497,277.4464493551022,0.448166966454,0.992774998491
34766087.2306,1182.67187304,24528420.0538,2.99328598756,829.63957972,0.7750852765128894,1104.5827705769711,309.9449889889948,0.429539565074,1.0009338626
34766087.2306,1182.67187304,24528420.0538,2.99328598756,829.63957972,0.7346013424908358,1177.6733677135364,316.56404573933247,0.455654451174,0.995842606707
34766087.2306,1182.67187304,24528420.0538,2.99328598756,829.63957972,0.6553233108915828,1151.3878008150532,288.37453221925983,0.429266361894,0.991583409572
34766087.2306,1182.67187304,24528420.0538,2.99328598756,829.63957972,0.5624175579073843,1090.5468752543068,294.21903679662324,0.32376521877,0.91627052592
34766087.2306,1182.67187304,24528420.0538,2.99328598756,829.63957972,0.8600457836138128,1131.188205333689,272.49988452122375,0.463674790479,0.995866821515
34766087.2306,1182.67187304,24528420.0538,2.99328598756,829.63957972,0.9435858527637988,1075.0489345096853,300.0492011359386,0.440790405507,0.992745875338
34766087.2306,1182.67187304,24528420.0538,2.99328598756,829.63957972,0.697863509773032,1144.3385106616495,301.90404571036385,0.432187209103,1.00143072545
34766087.2306,1182.67187304,24528420.0538,2.99328598756,829.63957972,0.5040889220309099,1119.5994548966316,263.3190879781724,0.307008645437,0.901280060199
125836455.304,1023.92414789,24136471.7502,2.77223260768,837.666211962,0.6885556624212372,1004.0267835036758,294.58860562695304,0.348525656746,0.922386737585
125836455.304,1023.92414789,24136471.7502,2.77223260768,837.666211962,0.8105275882723403,945.4988806236178,283.1806394882792,0.34547351507,0.916537767369
125836455.304,1023.92414789,24136471.7502,2.77223260768,837.666211962,0.551633452443136,936.9065524730703,307.06598381062827,0.134752326906,0.76400659019
125836455.304,1023.92414789,24136471.7502,2.77223260768,837.666211962,0.9986038736906993,960.4006068433914,271.4047529233608,0.407451558375,0.959758393048
125836455.304,1023.92414789,24136471.7502,2.77223260768,837.666211962,0.6151293973632548,975.3726145711503,300.023585335486,0.262707059216,0.862215465321
125836455.304,1023.92414789,24136471.7502,2.77223260768,837.666211962,0.5781158991409363,988.4192400843007,275.2172184974798,0.258179573117,0.850252106175
125836455.304,1023.92414789,24136471.7502,2.77223260768,837.666211962,0.9535652454682533,997.0631311555691,316.07429925841797,0.417191332515,0.969492819511
125836455.304,1023.92414789,24136471.7502,2.77223260768,837.666211962,0.761877616402352,1020.0543111016779,307.8490980001551,0.390118956469,0.958401003295
125836455.304,1023.92414789,24136471.7502,2.77223260768,837.666211962,0.862151537010377,968.4244392024219,290.03415931740847,0.385038797307,0.954124286046
125836455.304,1023.92414789,24136471.7502,2.77223260768,837.666211962,0.8933834889569763,926.3176087631607,264.6984580036567,0.353107354138,0.921895517022
44003160.7462,1206.14107058,24434402.0293,2.95904530671,826.508233491,0.6068948520787475,1105.2481109536593,317.36208739625005,0.364307750618,0.957595752693
44003160.7462,1206.14107058,24434402.0293,2.95904530671,826.508233491,0.8052772259530969,1190.343739527633,284.7683941015477,0.48479132607,1.01397528573
44003160.7462,1206.14107058,24434402.0293,2.95904530671,826.508233491,0.9899708829216909,1151.4114642665963,272.7208689530115,0.492370809852,1.02443094409
44003160.7462,1206.14107058,24434402.0293,2.95904530671,826.508233491,0.8316767619106452,1140.356919088221,267.8127994490057,0.465650206274,0.995281640933
44003160.7462,1206.14107058,24434402.0293,2.95904530671,826.508233491,0.5520371504287851,1113.0628679096067,279.62286664637975,0.341792253258,0.925575653263
44003160.7462,1206.14107058,24434402.0293,2.95904530671,826.508233491,0.6582696754394526,1177.1464453905319,301.75959949707374,0.43859538218,0.997359421317
44003160.7462,1206.14107058,24434402.0293,2.95904530671,826.508233491,0.6773559663575685,1201.7430797719367,308.01371034567563,0.455221607186,0.99384114435
44003160.7462,1206.14107058,24434402.0293,2.95904530671,826.508233491,0.7266562896214541,1089.699060366815,285.85382679262125,0.412945852047,0.971708757545
44003160.7462,1206.14107058,24434402.0293,2.95904530671,826.508233491,1.0196515949222438,1124.571926801158,292.99004413472846,0.47982858585,1.01042972438
44003160.7462,1206.14107058,24434402.0293,2.95904530671,826.508233491,0.8876124769264973,1166.2594052315349,297.1570387977023,0.478645884958,1.01625095277
62450501.1274,1165.01891802,24617721.014,2.83211515918,806.603007656,0.8201976304278418,1114.0964524033143,270.5587014503263,0.461637973319,1.00040780765
62450501.1274,1165.01891802,24617721.014,2.83211515918,806.603007656,0.9654994022361079,1096.855018543945,304.41698854441864,0.469387307514,0.99450987932
62450501.1274,1165.01891802,24617721.014,2.83211515918,806.603007656,0.6173705534375704,1157.402645622824,309.47931765791174,0.407887019701,0.963555494293
62450501.1274,1165.01891802,24617721.014,2.83211515918,806.603007656,0.6994681845027796,1071.2769937014573,296.7256601012801,0.381112535168,0.958775800639
62450501.1274,1165.01891802,24617721.014,2.83211515918,806.603007656,0.576188198262361,1137.724278126019,276.8703915956187,0.37532948544,0.942400572548
62450501.1274,1165.01891802,24617721.014,2.83211515918,806.603007656,0.756718693363464,1126.8435263718145,288.9962214837275,0.451648820203,0.997002171399
62450501.1274,1165.01891802,24617721.014,2.83211515918,806.603007656,1.0302464519001453,1055.349104856442,281.15687557948394,0.467166526174,0.994359681867
62450501.1274,1165.01891802,24617721.014,2.83211515918,806.603007656,0.8773323623282612,1084.3378477473875,315.7325018584194,0.450410651739,1.00411703137
62450501.1274,1165.01891802,24617721.014,2.83211515918,806.603007656,0.9333532684363046,1152.3188076837598,293.83129420082713,0.495377125108,1.01302198236
62450501.1274,1165.01891802,24617721.014,2.83211515918,806.603007656,0.5060954514956143,1079.6170224448028,267.9714787639363,0.243173310624,0.838757694676
16454945.9556,1199.72548629,24808484.2438,2.95119447589,823.485391314,0.713069302943545,1123.0280669021313,284.55142741465045,0.435529046444,0.988941921643
16454945.9556,1199.72548629,24808484.2438,2.95119447589,823.485391314,0.9327297333130407,1178.6613182558892,317.2410384060941,0.494463576484,1.03198620305
16454945.9556,1199.72548629,24808484.2438,2.95119447589,823.485391314,0.8597292749224238,1162.3659349633913,287.5831533073044,0.484208588112,1.00761510716
16454945.9556,1199.72548629,24808484.2438,2.95119447589,823.485391314,0.7811656081938436,1193.0514586014262,293.4879501918742,0.482399479148,1.00854017382
16454945.9556,1199.72548629,24808484.2438,2.95119447589,823.485391314,1.002401016763448,1169.8524587499119,273.811166120077,0.504723492086,1.03095196265
16454945.9556,1199.72548629,24808484.2438,2.95119447589,823.485391314,0.9902082320197737,1107.228382207082,309.9045839139514,0.467923185748,1.00044186303
16454945.9556,1199.72548629,24808484.2438,2.95119447589,823.485391314,0.5135879550300717,1133.1449376817222,276.55245261819374,0.331255359642,0.911714054913
16454945.9556,1199.72548629,24808484.2438,2.95119447589,823.485391314,0.5584122817303837,1086.8230042927687,267.04960274876373,0.322539372212,0.905309483309
16454945.9556,1199.72548629,24808484.2438,2.95119447589,823.485391314,0.6521314951043792,1143.9446783012295,300.2008956839554,0.418866725674,0.979486205744
16454945.9556,1199.72548629,24808484.2438,2.95119447589,823.485391314,0.7314052322802962,1098.2081728432806,305.12501252972373,0.416301659183,0.976837208567
95660530.5068,1081.38815065,24235307.2073,2.95641218746,835.008052765,0.5088269365455992,987.046232594316,280.72737549753566,0.13914666404,0.775847084172
95660530.5068,1081.38815065,24235307.2073,2.95641218746,835.008052765,0.5798309508130666,1004.7280182283711,293.8461373678043,0.244641568433,0.858227096853
95660530.5068,1081.38815065,24235307.2073,2.95641218746,835.008052765,0.7189148602248593,1038.0746054191807,296.7957032458975,0.366137961111,0.955338727231
95660530.5068,1081.38815065,24235307.2073,2.95641218746,835.008052765,0.966476888977087,1017.9707757373562,287.0819640074037,0.42136778756,0.982169112556
95660530.5068,1081.38815065,24235307.2073,2.95641218746,835.008052765,0.8016023062926725,1078.460326675789,312.22488191481125,0.421686023993,0.991254727875
95660530.5068,1081.38815065,24235307.2073,2.95641218746,835.008052765,0.9255675546665207,1039.6618714089489,317.48220119364356,0.421696727728,0.991266829586
95660530.5068,1081.38815065,24235307.2073,2.95641218746,835.008052765,0.7273638357945258,974.7051373429659,263.7274214943023,0.313490598909,0.905354792953
95660530.5068,1081.38815065,24235307.2073,2.95641218746,835.008052765,0.8502121598417464,1061.345035634828,269.2365568831669,0.429442274687,0.990921386869
95660530.5068,1081.38815065,24235307.2073,2.95641218746,835.008052765,1.0426446958812612,1055.8825887507937,302.2273581314596,0.443358408907,0.992461321591
95660530.5068,1081.38815065,24235307.2073,2.95641218746,835.008052765,0.647060577987782,1012.8023861431305,278.57386078646124,0.311504960013,0.903995760461
110836066.123,1153.81368719,24874915.2707,2.9234528708,822.253700508,0.5844272048130805,1152.1070299232415,299.4414164297552,0.394944225937,0.959496342165
110836066.123,1153.81368719,24874915.2707,2.9234528708,822.253700508,0.9387112545762043,1108.251280160665,309.9824861509954,0.465469751275,0.995490087091
110836066.123,1153.81368719,24874915.2707,2.9234528708,822.253700508,0.8708661509386126,1054.0880400705532,302.61651896123243,0.427611957394,0.985366591751
110836066.123,1153.81368719,24874915.2707,2.9234528708,822.253700508,0.5263844130750263,1100.6096062996517,292.2552971515508,0.308701688078,0.899122275297
110836066.123,1153.81368719,24874915.2707,2.9234528708,822.253700508,0.8038615453921883,1074.171705211728,274.1736107435312,0.433008325952,0.98206958222
110836066.123,1153.81368719,24874915.2707,2.9234528708,822.253700508,0.6611877849038273,1131.5144047797112,288.9176983003439,0.424349073121,0.973748550614
110836066.123,1153.81368719,24874915.2707,2.9234528708,822.253700508,0.7200158274590098,1039.9088550119807,270.5252232714116,0.379330269838,0.953679565339
110836066.123,1153.81368719,24874915.2707,2.9234528708,822.253700508,0.9681136867298735,1094.9876492214921,267.083492526753,0.471215122832,0.994356768784
110836066.123,1153.81368719,24874915.2707,2.9234528708,822.253700508,0.6973846289853483,1070.7918054053564,315.2413655808387,0.386683981031,0.957755183405
110836066.123,1153.81368719,24874915.2707,2.9234528708,822.253700508,1.0451349284220586,1121.808308701959,284.0463557053515,0.4915112698,1.01207729024
50042837.8415,1207.50385371,24730045.9195,2.82632366298,848.848891346,0.7937282032470793,1182.754177174448,317.71378563383627,0.490882528931,1.01051733335
50042837.8415,1207.50385371,24730045.9195,2.82632366298,848.848891346,0.7561439044449259,1091.0463047507926,273.7249537531158,0.451879439321,0.994520681528
50042837.8415,1207.50385371,24730045.9195,2.82632366298,848.848891346,0.8606988493692413,1195.9635697256942,281.27863171147584,0.513738669225,1.03209118407
50042837.8415,1207.50385371,24730045.9195,2.82632366298,848.848891346,0.9515231346005689,1193.9737133341314,305.71072376695156,0.510046645862,1.02387050292
50042837.8415,1207.50385371,24730045.9195,2.82632366298,848.848891346,1.0197864628453712,1110.6591208084906,275.3359421490376,0.492295348309,1.00380646716
50042837.8415,1207.50385371,24730045.9195,2.82632366298,848.848891346,0.6325207102453578,1113.8907556803813,266.8719848242482,0.42971035724,0.972009026621
50042837.8415,1207.50385371,24730045.9195,2.82632366298,848.848891346,0.6076899693482091,1126.3541230890028,309.70632347790263,0.419981363711,0.971137369599
50042837.8415,1207.50385371,24730045.9195,2.82632366298,848.848891346,0.5296333887069821,1156.3105811935845,297.31822222777276,0.403194752783,0.961686592154
50042837.8415,1207.50385371,24730045.9195,2.82632366298,848.848891346,0.9349056604679771,1138.7571907119884,292.5533410974495,0.494366132785,1.00798884092
50042837.8415,1207.50385371,24730045.9195,2.82632366298,848.848891346,0.6989705843545931,1167.6201092779852,289.79209739523196,0.476117207811,0.994491292847
149176741.676,1202.97346914,24769806.5943,2.94873794847,811.707132139,0.8224494967614329,1191.869690129494,293.0593610822473,0.487180829851,1.01448307247
149176741.676,1202.97346914,24769806.5943,2.94873794847,811.707132139,0.7343788171002837,1153.2706340885895,268.36116838003227,0.452845283239,0.996733150202
149176741.676,1202.97346914,24769806.5943,2.94873794847,811.707132139,0.6147529744707615,1165.1625187362731,302.28757721096525,0.405986479443,0.968110724475
149176741.676,1202.97346914,24769806.5943,2.94873794847,811.707132139,0.5187853540074302,1095.5993106408037,287.8594543264567,0.272407332794,0.870702219618
149176741.676,1202.97346914,24769806.5943,2.94873794847,811.707132139,0.8902537725792172,1116.5882584071244,283.9522806662426,0.465834025017,0.994375672051
149176741.676,1202.97346914,24769806.5943,2.94873794847,811.707132139,0.8796501034202843,1135.0566323112914,271.7760108170438,0.472947407191,0.997991016516
149176741.676,1202.97346914,24769806.5943,2.94873794847,811.707132139,0.9886985083481179,1189.3232198480578,296.79506194643665,0.500137275839,1.02106379135
149176741.676,1202.97346914,24769806.5943,2.94873794847,811.707132139,1.0084052534048076,1173.8842547761158,313.8846282619329,0.498142251453,1.02655145802
149176741.676,1202.97346914,24769806.5943,2.94873794847,811.707132139,0.6758624427570696,1090.25043609971,279.5563577930953,0.386988552545,0.955440364561
149176741.676,1202.97346914,24769806.5943,2.94873794847,811.707132139,0.5619905099149995,1119.5248098028276,312.29533388918645,0.332618148957,0.919051931238
45973302.5309,1256.41760375,24097463.3054,2.98819336095,821.447046094,0.5098636207252623,1207.8858532178785,277.8714324815531,0.378598933343,0.955224607479
45973302.5309,1256.41760375,24097463.3054,2.98819336095,821.447046094,0.6318751634526303,1205.1835116614284,305.75796681592976,0.434992103736,0.991943024944
45973302.5309,1256.41760375,24097463.3054,2.98819336095,821.447046094,0.5996489916191673,1180.1269257297304,285.13989505223844,0.413890497109,0.978877766174
45973302.5309,1256.41760375,24097463.3054,2.98819336095,821.447046094,0.9067712891581994,1251.587462805431,289.7957129882772,0.506589560406,1.01160822108
45973302.5309,1256.41760375,24097463.3054,2.98819336095,821.447046094,0.8474046420358174,1221.6543722911572,273.5024819591502,0.496091252606,1.02245603033
45973302.5309,1256.41760375,24097463.3054,2.98819336095,821.447046094,0.7440542130974289,1136.6347123115463,307.88112580840846,0.431678931016,0.995630090131
45973302.5309,1256.41760375,24097463.3054,2.98819336095,821.447046094,0.9903526505751075,1154.7101482481107,297.6714472648794,0.481116341002,1.02804504233
45973302.5309,1256.41760375,24097463.3054,2.98819336095,821.447046094,1.0390577335797468,1236.9494898286061,316.9068598763508,0.503939142028,1.01277365637
45973302.5309,1256.41760375,24097463.3054,2.98819336095,821.447046094,0.8160243753506294,1161.7388469166078,292.0929191120835,0.464508153279,1.0011817884
45973302.5309,1256.41760375,24097463.3054,2.98819336095,821.447046094,0.6960184815542751,1192.9629883147147,267.8744986198424,0.455511803635,0.993142178267
44462746.6241,1253.20284754,24336779.7141,2.95755955614,827.501030591,0.9289415870228936,1227.7195668225752,274.55718103172126,0.506964082437,1.01036602221
44462746.6241,1253.20284754,24336779.7141,2.95755955614,827.501030591,0.5803501822431585,1188.4075190673307,285.36122029954663,0.421456168525,0.981021045419
44462746.6241,1253.20284754,24336779.7141,2.95755955614,827.501030591,0.9836796609417093,1194.0205424352598,263.2029600892597,0.503079675083,1.01877119089
44462746.6241,1253.20284754,24336779.7141,2.95755955614,827.501030591,0.8671915858781934,1214.3209484421036,291.0171034943914,0.499707920818,1.02358892783
44462746.6241,1253.20284754,24336779.7141,2.95755955614,827.501030591,0.5404595251195415,1149.4628991050217,269.2441726179354,0.367087480608,0.952790786482
44462746.6241,1253.20284754,24336779.7141,2.95755955614,827.501030591,0.6988932889502519,1157.9036907009634,317.2122443025019,0.439271950596,0.994951895492
44462746.6241,1253.20284754,24336779.7141,2.95755955614,827.501030591,0.6406590751733143,1247.1269271728752,296.93068419731514,0.466825131106,1.00385466531
44462746.6241,1253.20284754,24336779.7141,2.95755955614,827.501030591,0.7981616267276737,1169.1351813718522,304.19944410552546,0.465220019012,1.00255892256
44462746.6241,1253.20284754,24336779.7141,2.95755955614,827.501030591,0.7239281153020596,1129.6121467180394,283.4201715325373,0.439846873602,1.00238664825
44462746.6241,1253.20284754,24336779.7141,2.95755955614,827.501030591,1.0122810066661554,1236.8996552739743,312.0523447792087,0.506453885135,1.01243760927
74238759.3958,1087.02585364,24787320.7764,2.98981712486,799.848655462,0.6675393982347432,992.4961372457642,293.4526608192499,0.246724572609,0.855881016598
74238759.3958,1087.02585364,24787320.7764,2.98981712486,799.848655462,0.7662953308292639,1039.3583938070906,277.8382300951104,0.366051012701,0.948997238348
74238759.3958,1087.02585364,24787320.7764,2.98981712486,799.848655462,1.0350462624066252,1017.8654970024454,299.9068341840049,0.421293443349,0.987547432395
74238759.3958,1087.02585364,24787320.7764,2.98981712486,799.848655462,0.9754011298777749,1080.601926595859,266.96380397302175,0.455036834473,0.994014126576
74238759.3958,1087.02585364,24787320.7764,2.98981712486,799.848655462,0.7832762254493582,1005.9935780565094,309.4264486006815,0.331253629831,0.923073569327
74238759.3958,1087.02585364,24787320.7764,2.98981712486,799.848655462,0.6617555425130799,1045.5175983781787,314.91367612188816,0.304667359206,0.903301141226
74238759.3958,1087.02585364,24787320.7764,2.98981712486,799.848655462,0.5444157399313849,1056.6277559151977,270.8199018832901,0.221288090455,0.832390489639
74238759.3958,1087.02585364,24787320.7764,2.98981712486,799.848655462,0.5997726900684968,1070.4684449427261,284.76570790195603,0.294254268146,0.894030719756
74238759.3958,1087.02585364,24787320.7764,2.98981712486,799.848655462,0.9326679418613049,1024.4715612442196,305.5097134676078,0.400816918015,0.968183969579
74238759.3958,1087.02585364,24787320.7764,2.98981712486,799.848655462,0.8782295629528842,989.0303733507257,287.37180671594405,0.362491746711,0.945264134046
146130771.78,1238.50257752,24033092.8059,2.77717142057,813.145484576,0.821867317696777,1171.7838571750574,275.7608815256674,0.490194449221,1.00409618773
146130771.78,1238.50257752,24033092.8059,2.77717142057,813.145484576,0.6968488979064361,1183.2687341201945,300.1689835451414,0.459299977267,0.99296959933
146130771.78,1238.50257752,24033092.8059,2.77717142057,813.145484576,0.6641438945294393,1139.1120617091601,285.349210500665,0.430043813154,0.974010994228
146130771.78,1238.50257752,24033092.8059,2.77717142057,813.145484576,0.5624323719178228,1227.7086913135654,272.67515517801843,0.440998833982,0.985307521699
146130771.78,1238.50257752,24033092.8059,2.77717142057,813.145484576,0.7228617832033198,1160.2867039068044,311.77840495533565,0.455185220182,0.994628234942
146130771.78,1238.50257752,24033092.8059,2.77717142057,813.145484576,0.9725549456351856,1122.2792765304066,282.85255464821563,0.490717493689,1.00470303842
146130771.78,1238.50257752,24033092.8059,2.77717142057,813.145484576,0.8683461797964585,1200.4603098279283,291.50161995178644,0.510149888115,1.03354480775
146130771.78,1238.50257752,24033092.8059,2.77717142057,813.145484576,1.046164688562711,1220.8739145082927,265.8725439786686,0.527097427402,1.00979400502
146130771.78,1238.50257752,24033092.8059,2.77717142057,813.145484576,0.5139506922588424,1208.2601380609403,313.3358601389923,0.386927779436,0.957738878621
146130771.78,1238.50257752,24033092.8059,2.77717142057,813.145484576,0.9185697270252089,1143.80725239419,301.7509059108923,0.485019493375,1.00713422109
124700616.695,1271.23365283,24599754.3445,2.75405312241,834.426962951,0.9165630558345543,1255.8929746314911,311.3659472923299,0.525777023511,1.00788056332
124700616.695,1271.23365283,24599754.3445,2.75405312241,834.426962951,0.9607625447458937,1221.0591439522316,269.7246250268139,0.528112587035,1.00734192511
124700616.695,1271.23365283,24599754.3445,2.75405312241,834.426962951,0.5482890996500747,1243.4900557295907,292.76629628184344,0.467319004775,1.00144409189
124700616.695,1271.23365283,24599754.3445,2.75405312241,834.426962951,0.6621238887213861,1158.5919029018355,266.4260590752976,0.465942713546,1.00739383602
124700616.695,1271.23365283,24599754.3445,2.75405312241,834.426962951,0.679588281541589,1183.5823979307631,314.6984046705676,0.47260554077,0.995336999959
124700616.695,1271.23365283,24599754.3445,2.75405312241,834.426962951,0.7608691986119591,1216.81351641847,278.11063356771285,0.511908183389,1.02098481776
124700616.695,1271.23365283,24599754.3445,2.75405312241,834.426962951,1.036733771325741,1181.256435664538,287.73419841875887,0.52351829119,1.01905680216
124700616.695,1271.23365283,24599754.3445,2.75405312241,834.426962951,0.7869678586486724,1199.558704784935,303.0283806665334,0.500419528708,1.01627610491
124700616.695,1271.23365283,24599754.3445,2.75405312241,834.426962951,0.571648204051085,1155.2600861587068,299.2737921509945,0.417318068495,0.969331498525
124700616.695,1271.23365283,24599754.3445,2.75405312241,834.426962951,0.8627241324477153,1267.0065794214856,283.89508580348627,0.533270483597,1.00789647258
104335375.496,1097.9829844,24415783.2827,2.84609258374,838.887344239,0.9084082980274206,1048.0818568619943,274.6981917039552,0.447464873023,0.995822848292
104335375.496,1097.9829844,24415783.2827,2.84609258374,838.887344239,0.6047086990115565,996.8754158589209,267.0901120196302,0.287628071166,0.879194096941
104335375.496,1097.9829844,24415783.2827,2.84609258374,838.887344239,0.7010254792585652,1025.4310604872862,271.37179471413174,0.375823027666,0.946921969295
104335375.496,1097.9829844,24415783.2827,2.84609258374,838.887344239,0.5279292592192437,1036.9009232273165,284.63257289790675,0.269635598126,0.862902577523
104335375.496,1097.9829844,24415783.2827,2.84609258374,838.887344239,0.8048438474484567,1078.0238795969872,303.6083137971926,0.437748087514,0.994182537383
104335375.496,1097.9829844,24415783.2827,2.84609258374,838.887344239,0.8837035940712223,1001.7511867170668,314.2947948298777,0.401825441177,0.961549574218
104335375.496,1097.9829844,24415783.2827,2.84609258374,838.887344239,0.9976194262441125,1074.8373679609565,286.4011245020203,0.469148648305,0.993788861345
104335375.496,1097.9829844,24415783.2827,2.84609258374,838.887344239,0.7615976354538802,1015.7765709262715,295.61237516989144,0.383492863648,0.958654183154
104335375.496,1097.9829844,24415783.2827,2.84609258374,838.887344239,0.9681323918087882,1090.0498587007135,311.8992939132245,0.464835112019,0.993799296128
104335375.496,1097.9829844,24415783.2827,2.84609258374,838.887344239,0.6646031851699327,1061.6958649316741,296.5439227493464,0.382881836569,0.958424490854
100179727.185,1127.05275572,24510080.4235,2.91087010977,846.377387241,0.5995421245949676,1052.6910131927461,264.71833323342776,0.348903698267,0.925019341144
100179727.185,1127.05275572,24510080.4235,2.91087010977,846.377387241,0.7672617876706967,1022.3958090184191,282.26614973439746,0.393662031023,0.956283360182
100179727.185,1127.05275572,24510080.4235,2.91087010977,846.377387241,1.0429884598730776,1045.8534241490597,277.26602530071085,0.455144444757,0.994032247596
100179727.185,1127.05275572,24510080.4235,2.91087010977,846.377387241,0.7086956273612786,1101.9743510646906,295.4245111026976,0.42688098129,0.985297978596
100179727.185,1127.05275572,24510080.4235,2.91087010977,846.377387241,0.5532467305896266,1064.5137616175555,311.28111592733285,0.320394062845,0.909432898854
100179727.185,1127.05275572,24510080.4235,2.91087010977,846.377387241,0.910917745585809,1092.7757414286873,300.34350257319807,0.454911069089,0.993581529929
100179727.185,1127.05275572,24510080.4235,2.91087010977,846.377387241,0.7827848769270092,1027.8664896451803,302.2234344986344,0.393197744599,0.958407804554
100179727.185,1127.05275572,24510080.4235,2.91087010977,846.377387241,0.8840073623825969,1105.1273032118406,271.06813745734166,0.4654208923,0.993728299963
100179727.185,1127.05275572,24510080.4235,2.91087010977,846.377387241,0.6537505727827266,1071.2695958504353,288.6725997095797,0.392198311885,0.9560771412
100179727.185,1127.05275572,24510080.4235,2.91087010977,846.377387241,0.978474660637803,1123.7434984946456,315.4513396215227,0.47562210197,1.00600111235
107800907.87,1269.53241742,24250389.3432,2.7966931234,802.471348336,0.869692686554672,1219.785777155689,278.40441865279723,0.514808693881,1.0234771422
107800907.87,1269.53241742,24250389.3432,2.7966931234,802.471348336,0.6230221992167997,1216.6231279395788,293.27231572299854,0.451026785512,0.99970868408
107800907.87,1269.53241742,24250389.3432,2.7966931234,802.471348336,0.9615006235409511,1237.4785142262383,266.08835835678656,0.529535503546,1.01013017554
107800907.87,1269.53241742,24250389.3432,2.7966931234,802.471348336,0.8224616676330083,1178.9703426542615,303.14163421073056,0.48093592191,1.00265885088
107800907.87,1269.53241742,24250389.3432,2.7966931234,802.471348336,0.6865161895488706,1190.7575365427545,307.5749415645572,0.453956590371,0.997465393171
107800907.87,1269.53241742,24250389.3432,2.7966931234,802.471348336,0.5253642461957542,1253.7979038929052,287.91858984142607,0.42490638517,0.970063133396
107800907.87,1269.53241742,24250389.3432,2.7966931234,802.471348336,0.6072405968452623,1145.3333035893372,297.6087598166846,0.38750683889,0.958466465384
107800907.87,1269.53241742,24250389.3432,2.7966931234,802.471348336,0.910890537366835,1200.3744615602086,313.72686332256677,0.506208600742,1.02510375906
107800907.87,1269.53241742,24250389.3432,2.7966931234,802.471348336,1.0087021950487463,1262.163823865983,282.6057498200965,0.545498940968,1.03043764
107800907.87,1269.53241742,24250389.3432,2.7966931234,802.471348336,0.76745274693061,1157.657898208754,274.0951482093792,0.466904068445,0.993216060518
45020919.3993,1231.53926521,24358513.8258,2.94706030712,847.738612287,0.8452859305632239,1201.537363153294,312.2247386054049,0.491571061438,1.03439518886
45020919.3993,1231.53926521,24358513.8258,2.94706030712,847.738612287,0.6061645418111546,1168.5558218070819,306.65216214713166,0.429061911791,0.996844703366
45020919.3993,1231.53926521,24358513.8258,2.94706030712,847.738612287,0.9796342532575395,1193.865974895074,318.0516035662771,0.495891545133,1.01997090549
45020919.3993,1231.53926521,24358513.8258,2.94706030712,847.738612287,0.922260371500299,1137.2607130650242,275.2354521371146,0.47901160388,1.00646667265
45020919.3993,1231.53926521,24358513.8258,2.94706030712,847.738612287,0.7947362357693718,1113.6223777008447,292.2645389921498,0.449956107043,0.992624871446
45020919.3993,1231.53926521,24358513.8258,2.94706030712,847.738612287,0.646923445624655,1182.2012156304893,271.4873707918994,0.455203208982,0.993213319288
45020919.3993,1231.53926521,24358513.8258,2.94706030712,847.738612287,0.7658940813822728,1155.0925218244997,283.5685983507302,0.466037771277,0.995225978353
45020919.3993,1231.53926521,24358513.8258,2.94706030712,847.738612287,0.5350560591643381,1216.3098860899747,288.6981068563375,0.435393156088,0.995605811435
45020919.3993,1231.53926521,24358513.8258,2.94706030712,847.738612287,1.0383654765226935,1222.6671216532382,265.94905699963414,0.512093475006,1.01124198294
45020919.3993,1231.53926521,24358513.8258,2.94706030712,847.738612287,0.7059557129312798,1132.3769903157538,301.38297255025583,0.437639325377,0.998818268515
67247321.32,1099.82289715,24021946.8541,2.84129405664,815.363972994,0.6732122799290503,1013.11809289111,317.034790994093,0.307145278135,0.90084252377
67247321.32,1099.82289715,24021946.8541,2.84129405664,815.363972994,0.6264303601523926,1033.609705485527,274.5368316516191,0.307162663157,0.896347366308
67247321.32,1099.82289715,24021946.8541,2.84129405664,815.363972994,0.5777035884706467,1093.2331901103848,288.18458761112345,0.335093261165,0.913443882597
67247321.32,1099.82289715,24021946.8541,2.84129405664,815.363972994,0.928448628989314,1001.8318865585135,308.760016706119,0.399579256123,0.961285351996
67247321.32,1099.82289715,24021946.8541,2.84129405664,815.363972994,1.048165496594785,1040.5225187039416,304.9093602027125,0.447173441956,0.994657276365
67247321.32,1099.82289715,24021946.8541,2.84129405664,815.363972994,0.7365837751867137,1083.4967104863676,279.949771615691,0.413121460635,0.964900895079
67247321.32,1099.82289715,24021946.8541,2.84129405664,815.363972994,0.8686463494606054,1077.7404979513115,269.9869537031992,0.448715484219,1.00190359882
67247321.32,1099.82289715,24021946.8541,2.84129405664,815.363972994,0.5503225471024876,998.0800422455798,297.68196182214854,0.172584225949,0.80224628419
67247321.32,1099.82289715,24021946.8541,2.84129405664,815.363972994,0.7943946619290873,1049.6761818274827,264.93212190487424,0.407412872201,0.96081798287
67247321.32,1099.82289715,24021946.8541,2.84129405664,815.363972994,0.9556939034347985,1065.3067550118978,294.2689608370113,0.451215891319,0.994458254745
50709684.1165,1168.32480091,24125343.3377,2.7897388275,819.677994705,0.7920581886323603,1160.150312911549,306.53066106490314,0.472245812606,0.995820528954
50709684.1165,1168.32480091,24125343.3377,2.7897388275,819.677994705,0.9889015403045613,1082.623347573083,296.44725177225473,0.466014505396,0.993510054433
50709684.1165,1168.32480091,24125343.3377,2.7897388275,819.677994705,1.0244354387313144,1155.4114444191964,268.4930865178077,0.51174310665,1.0339110177
50709684.1165,1168.32480091,24125343.3377,2.7897388275,819.677994705,0.5413827986056742,1141.1375917159573,287.29965323430457,0.367967131022,0.93727400739
50709684.1165,1168.32480091,24125343.3377,2.7897388275,819.677994705,0.6247763216077327,1110.9255696694577,273.6035209335106,0.396904679836,0.957461360685
50709684.1165,1168.32480091,24125343.3377,2.7897388275,819.677994705,0.9326679635531563,1063.1067515233538,283.92467647558976,0.459207470685,0.999997055272
50709684.1165,1168.32480091,24125343.3377,2.7897388275,819.677994705,0.7053437530101461,1132.4661914779808,314.9664317652052,0.438427938016,0.992477586722
50709684.1165,1168.32480091,24125343.3377,2.7897388275,819.677994705,0.8677525263924122,1097.7793157416463,277.6401657588135,0.464930285068,0.99300946031
50709684.1165,1168.32480091,24125343.3377,2.7897388275,819.677994705,0.6098291833838684,1105.4520744501508,309.3990516558788,0.375182938803,0.95356696699
50709684.1165,1168.32480091,24125343.3377,2.7897388275,819.677994705,0.7372810492090103,1066.3375332907372,295.09057895976343,0.405323494756,0.961125597763
41413704.271,1128.98829094,24011785.7777,2.82596899779,824.744315538,0.8477882257727045,1085.4505297024882,313.32973990215237,0.444587414391,0.999676939637
41413704.271,1128.98829094,24011785.7777,2.82596899779,824.744315538,0.9251732696452759,1078.8426586749274,290.4901992297724,0.458946314847,0.99154792563
41413704.271,1128.98829094,24011785.7777,2.82596899779,824.744315538,0.9417016568568364,1056.585815403798,267.3801322767429,0.453006672108,0.999411467223
41413704.271,1128.98829094,24011785.7777,2.82596899779,824.744315538,0.5474572179255227,1114.29114641637,283.39664971815716,0.348558655676,0.922538483161
41413704.271,1128.98829094,24011785.7777,2.82596899779,824.744315538,0.6548440482071,1062.8735005393949,305.7610723549121,0.362343483617,0.94435397331
41413704.271,1128.98829094,24011785.7777,2.82596899779,824.744315538,0.6035081065475912,1101.400846092288,297.44757757593715,0.367624102044,0.950320723105
41413704.271,1128.98829094,24011785.7777,2.82596899779,824.744315538,0.7544570215887385,1048.1905548507837,269.50369646992164,0.401389150253,0.958139330408
41413704.271,1128.98829094,24011785.7777,2.82596899779,824.744315538,0.7108324560200926,1030.4778172656625,308.5037359966326,0.36049164582,0.942469414985
41413704.271,1128.98829094,24011785.7777,2.82596899779,824.744315538,0.9967753658018087,1122.6037318180308,274.31447132051073,0.488684545638,1.00790458844
41413704.271,1128.98829094,24011785.7777,2.82596899779,824.744315538,0.8187850030065886,1025.8499030317375,293.87753488781624,0.40037250647,0.95913875541
34023265.8658,1024.78119227,24694960.7924,2.83021542255,838.391167626,0.9450298518380015,986.2444382690303,315.05465546299615,0.407735731831,0.962827244713
34023265.8658,1024.78119227,24694960.7924,2.83021542255,838.391167626,0.8952187042632677,1018.9445253915492,300.9017794175886,0.421523733803,0.972570801468
34023265.8658,1024.78119227,24694960.7924,2.83021542255,838.391167626,1.044373311019172,952.3510755730997,309.7045331070237,0.399841747608,0.960452261643
34023265.8658,1024.78119227,24694960.7924,2.83021542255,838.391167626,0.863394702559428,981.7726290470139,303.0211837503563,0.388968115573,0.959846832295
34023265.8658,1024.78119227,24694960.7924,2.83021542255,838.391167626,0.6643086165667531,942.4881954654891,268.8998768304647,0.265497030492,0.855342240709
34023265.8658,1024.78119227,24694960.7924,2.83021542255,838.391167626,0.7543013239298961,1011.815816763415,265.23318050729085,0.390671671931,0.958442025892
34023265.8658,1024.78119227,24694960.7924,2.83021542255,838.391167626,0.7849389412533108,962.0680103653859,291.20729851950585,0.352168973419,0.92184603995
34023265.8658,1024.78119227,24694960.7924,2.83021542255,838.391167626,0.7054165950678369,929.5919717709922,281.52032436307087,0.274901293954,0.863704866275
34023265.8658,1024.78119227,24694960.7924,2.83021542255,838.391167626,0.5590092039683259,1001.0123747288828,274.1817432173598,0.25939495731,0.850463474634
34023265.8658,1024.78119227,24694960.7924,2.83021542255,838.391167626,0.52046116266091,971.6265591601751,289.8174407368607,0.169108499162,0.782365671993
34243007.4307,1242.75981741,24192165.9843,2.8975100398,843.781528956,0.9174514650710178,1188.2005686446462,308.8828456892738,0.495298171242,1.02904362857
34243007.4307,1242.75981741,24192165.9843,2.8975100398,843.781528956,0.6486851023796936,1204.9660216584443,270.3757285030658,0.467997584507,0.99391825063
34243007.4307,1242.75981741,24192165.9843,2.8975100398,843.781528956,0.5051103621092079,1165.9507126103454,292.29623407142367,0.37964795281,0.954427272972
34243007.4307,1242.75981741,24192165.9843,2.8975100398,843.781528956,0.7314000573046029,1148.067767169997,282.4856058565519,0.459681285493,0.993044395766
34243007.4307,1242.75981741,24192165.9843,2.8975100398,843.781528956,0.9461620702074942,1177.7899027240912,288.1964465312509,0.502365424851,1.03298117183
34243007.4307,1242.75981741,24192165.9843,2.8975100398,843.781528956,0.8537426712199669,1122.1047714776655,315.3320801557611,0.458819123464,0.993672968264
34243007.4307,1242.75981741,24192165.9843,2.8975100398,843.781528956,0.7838301417750925,1136.872150278887,265.4410192159181,0.463681657163,0.993426607015
34243007.4307,1242.75981741,24192165.9843,2.8975100398,843.781528956,0.5877562399576899,1236.2900251423723,274.84565273809335,0.466119401877,0.993465336165
34243007.4307,1242.75981741,24192165.9843,2.8975100398,843.781528956,0.683585667603646,1221.3813297391816,305.7588753174439,0.47569034338,1.00783041693
34243007.4307,1242.75981741,24192165.9843,2.8975100398,843.781528956,1.0157946144990753,1208.3557318829733,299.64572313149813,0.502556209041,1.00987114429
147175035.091,1203.79445112,24309660.2455,2.84921890713,802.320147429,0.9464569597973012,1093.483480392429,304.69877113294206,0.45824870993,0.993493031964
147175035.091,1203.79445112,24309660.2455,2.84921890713,802.320147429,0.6334517261806016,1158.0718881987739,281.6097540229647,0.414235738608,0.964829145818
147175035.091,1203.79445112,24309660.2455,2.84921890713,802.320147429,0.5500742838705268,1173.8870660244431,297.21044906024235,0.366624929008,0.948064671478
147175035.091,1203.79445112,24309660.2455,2.84921890713,802.320147429,0.8368925790262572,1121.5240370373635,307.8708670650419,0.451523180924,0.99382038623
147175035.091,1203.79445112,24309660.2455,2.84921890713,802.320147429,0.561685209483608,1097.1012302110169,273.99153163712197,0.308506903529,0.897605495317
147175035.091,1203.79445112,24309660.2455,2.84921890713,802.320147429,0.8113631624079571,1131.7734581024224,275.36211990085394,0.459423623837,0.994259394476
147175035.091,1203.79445112,24309660.2455,2.84921890713,802.320147429,0.918337941731969,1188.792413357279,317.7628386520983,0.500477652437,1.03476129081
147175035.091,1203.79445112,24309660.2455,2.84921890713,802.320147429,1.0487673574974363,1192.2432375922706,291.6232070942099,0.520709513114,1.01182816153
147175035.091,1203.79445112,24309660.2455,2.84921890713,802.320147429,0.6904246157745745,1113.819434518422,285.72239608689995,0.407638862002,0.960502061984
147175035.091,1203.79445112,24309660.2455,2.84921890713,802.320147429,0.7601173520996782,1150.3407411927715,263.27017476942564,0.457014736951,0.997383818824
12961970.6718,1119.26015703,24325538.6124,2.95264480943,800.969864686,0.5621046473310403,1028.465211300654,293.3700230496673,0.196700315998,0.818546249064
12961970.6718,1119.26015703,24325538.6124,2.95264480943,800.969864686,0.7298892539211167,1041.7758010630341,301.82301871413597,0.341243686864,0.934104034359
12961970.6718,1119.26015703,24325538.6124,2.95264480943,800.969864686,0.8230152940284325,1066.8701198609392,296.326838725268,0.400299522162,0.968681847736
12961970.6718,1119.26015703,24325538.6124,2.95264480943,800.969864686,0.9359985969190587,1101.9229663628946,289.4601324947432,0.456979884742,0.993441993817
12961970.6718,1119.26015703,24325538.6124,2.95264480943,800.969864686,0.9695542113942885,1118.4161780410923,311.6361537522784,0.464572377786,1.00169664985
12961970.6718,1119.26015703,24325538.6124,2.95264480943,800.969864686,1.0398222647102542,1040.6779869000623,316.82099097156095,0.436747176438,0.998450945243
12961970.6718,1119.26015703,24325538.6124,2.95264480943,800.969864686,0.7170487199627497,1081.1594077229047,269.82668713879434,0.38013191382,0.955219268464
12961970.6718,1119.26015703,24325538.6124,2.95264480943,800.969864686,0.6399340150134613,1007.7309119390952,267.24206430920515,0.248322353996,0.855832707331
12961970.6718,1119.26015703,24325538.6124,2.95264480943,800.969864686,0.5313949871203373,1095.3435271265123,275.02267602557,0.257732631402,0.864025193371
12961970.6718,1119.26015703,24325538.6124,2.95264480943,800.969864686,0.867768124163846,1053.063799521459,284.5117050375273,0.411590277443,0.971154277874
149602989.588,1105.07067696,24283232.8829,2.83787709666,824.052085402,0.739703569451494,1021.0116422124406,301.7569197645027,0.366351588928,0.94688811626
149602989.588,1105.07067696,24283232.8829,2.83787709666,824.052085402,0.9785605804025626,1003.7704764615232,290.99344743841993,0.424755093187,0.973269620088
149602989.588,1105.07067696,24283232.8829,2.83787709666,824.052085402,0.8212850251948036,1072.3588829800608,311.46503851892345,0.431873473386,0.988078492681
149602989.588,1105.07067696,24283232.8829,2.83787709666,824.052085402,0.9279519537945615,1063.7827731001864,281.8437964951534,0.456075232165,0.999383235695
149602989.588,1105.07067696,24283232.8829,2.83787709666,824.052085402,0.6745251888654131,1054.5441331361214,271.91717450479024,0.375282114325,0.947226808448
149602989.588,1105.07067696,24283232.8829,2.83787709666,824.052085402,0.6647836342972024,1090.952495915018,288.1157176880039,0.40058712476,0.958689186533
149602989.588,1105.07067696,24283232.8829,2.83787709666,824.052085402,1.0183112096357605,1102.426078962187,317.8519969949594,0.474972896027,1.00107195209
149602989.588,1105.07067696,24283232.8829,2.83787709666,824.052085402,0.8834265873682314,1034.3131396813562,267.05325111955744,0.428400706339,0.974885771484
149602989.588,1105.07067696,24283232.8829,2.83787709666,824.052085402,0.5248251010577173,1015.3612544599812,277.8157516398623,0.203883970936,0.814568060646
149602989.588,1105.07067696,24283232.8829,2.83787709666,824.052085402,0.5701903405785721,1043.9211789877736,300.35358084005236,0.282491914451,0.884408647801
98405711.0184,1213.84928917,24469952.3931,2.81783134931,809.02592397,0.8216119275536226,1123.9987228007683,307.9838514012564,0.458641743259,0.993945190461
98405711.0184,1213.84928917,24469952.3931,2.81783134931,809.02592397,0.6779540579454498,1139.4481507526343,286.50568078253514,0.433370831465,0.976286048488
98405711.0184,1213.84928917,24469952.3931,2.81783134931,809.02592397,0.5634361008765348,1184.3264358979554,265.777985394502,0.408062552596,0.960287076055
98405711.0184,1213.84928917,24469952.3931,2.81783134931,809.02592397,0.9297958603485359,1109.8760150062656,276.2911984652227,0.478682066026,0.994492573
98405711.0184,1213.84928917,24469952.3931,2.81783134931,809.02592397,0.7298010142440952,1211.459593830916,298.1325098432845,0.479954470533,1.00184746608
98405711.0184,1213.84928917,24469952.3931,2.81783134931,809.02592397,0.6366855971278352,1095.6276370346372,304.51012747489415,0.370987907611,0.947178629953
98405711.0184,1213.84928917,24469952.3931,2.81783134931,809.02592397,0.9689685311832157,1166.7767350345907,283.932074557589,0.511146835324,1.03130148809
98405711.0184,1213.84928917,24469952.3931,2.81783134931,809.02592397,0.8492218431696388,1198.9943668963203,272.7830332853868,0.507348400769,1.02518362847
98405711.0184,1213.84928917,24469952.3931,2.81783134931,809.02592397,0.5065182342082738,1159.497504727846,295.2129764449911,0.334027771665,0.913178047087
98405711.0184,1213.84928917,24469952.3931,2.81783134931,809.02592397,1.0330418527511047,1151.2004634743869,314.40610718873796,0.504249493627,1.03283727754
126524884.342,1239.0664575,24422489.8745,2.77672736119,826.038572923,0.5938106316354844,1130.492413177161,277.8485330818095,0.407512877908,0.961663019817
126524884.342,1239.0664575,24422489.8745,2.77672736119,826.038572923,0.5237987526476489,1154.7862623399674,317.1198607299909,0.372206478762,0.946981549642
126524884.342,1239.0664575,24422489.8745,2.77672736119,826.038572923,0.6247728190592123,1186.8863222108073,312.03690259642684,0.452156277157,1.00406194621
126524884.342,1239.0664575,24422489.8745,2.77672736119,826.038572923,0.6892931398986076,1221.9485235614295,271.0979268143329,0.493882606086,1.00386446118
126524884.342,1239.0664575,24422489.8745,2.77672736119,826.038572923,1.0438255812683925,1228.785095164802,294.16880135705213,0.527077210747,1.01023122222
126524884.342,1239.0664575,24422489.8745,2.77672736119,826.038572923,0.757991109831953,1126.0053960418313,304.6256817927373,0.457038456069,0.99976894986
126524884.342,1239.0664575,24422489.8745,2.77672736119,826.038572923,0.8180447845769483,1206.7890708708824,279.9578200396714,0.512119954399,1.02747539857
126524884.342,1239.0664575,24422489.8745,2.77672736119,826.038572923,0.8947614909817798,1200.3844140984081,268.11520851166404,0.517829094636,1.02651420486
126524884.342,1239.0664575,24422489.8745,2.77672736119,826.038572923,0.9804958952543124,1150.932722756537,299.18306773427634,0.50051060787,1.02194608715
126524884.342,1239.0664575,24422489.8745,2.77672736119,826.038572923,0.8592292940586732,1167.805894807319,289.43446330536034,0.499935129394,1.01058314574
133050239.1,1171.60627601,24305172.8695,2.75190425164,804.455691454,1.017749248881803,1098.8760763632927,269.7935499980568,0.490789790553,1.00018008024
133050239.1,1171.60627601,24305172.8695,2.75190425164,804.455691454,0.5567988406875691,1166.1488826558623,302.0753471913601,0.37883479547,0.954058053545
133050239.1,1171.60627601,24305172.8695,2.75190425164,804.455691454,0.8462758124094301,1115.53507868003,297.30221145906376,0.461698881306,0.994938645835
133050239.1,1171.60627601,24305172.8695,2.75190425164,804.455691454,0.6824753622172638,1132.0184498911678,278.1129539163687,0.430738419429,0.972851606724
133050239.1,1171.60627601,24305172.8695,2.75190425164,804.455691454,0.9163433601885711,1150.522341402286,285.83621046948593,0.499101926373,1.00799719857
133050239.1,1171.60627601,24305172.8695,2.75190425164,804.455691454,0.9496892623449131,1073.9255555847162,311.9807155200807,0.460351381903,0.996697608404
133050239.1,1171.60627601,24305172.8695,2.75190425164,804.455691454,0.5106343158729866,1138.1420867668564,283.18285644035427,0.318032730675,0.906560357354
133050239.1,1171.60627601,24305172.8695,2.75190425164,804.455691454,0.6363518228857994,1085.9049718657852,315.5527952972778,0.360756460634,0.93654363563
133050239.1,1171.60627601,24305172.8695,2.75190425164,804.455691454,0.7425335135148157,1056.7466667761116,295.7007924453731,0.391757962878,0.964821054444
133050239.1,1171.60627601,24305172.8695,2.75190425164,804.455691454,0.7822227568613378,1102.336947091583,264.759778232442,0.446551741579,0.987291770008
89778618.6449,1074.10175343,24966434.546,2.99971870257,843.830314764,0.986639214225224,1057.5775085285056,316.1269856563698,0.442514502808,0.996131783229
89778618.6449,1074.10175343,24966434.546,2.99971870257,843.830314764,0.5539783446177851,1068.9284926035614,291.83095059213576,0.32272466232,0.91057046345
89778618.6449,1074.10175343,24966434.546,2.99971870257,843.830314764,0.6307629099461282,1039.174135459783,309.35747553820266,0.33620070725,0.926694808547
89778618.6449,1074.10175343,24966434.546,2.99971870257,843.830314764,0.9057284500864193,1000.969866756023,305.83450757849704,0.394702038611,0.963913131618
89778618.6449,1074.10175343,24966434.546,2.99971870257,843.830314764,0.5868754151395933,1011.8571024052018,290.0050600392721,0.283518743484,0.886677697576
89778618.6449,1074.10175343,24966434.546,2.99971870257,843.830314764,0.7829277703765661,978.8321902489698,298.81085025713935,0.344785233398,0.934644634453
89778618.6449,1074.10175343,24966434.546,2.99971870257,843.830314764,0.7236836791318795,993.7813640946817,282.5993926088713,0.344865910574,0.926770276678
89778618.6449,1074.10175343,24966434.546,2.99971870257,843.830314764,1.0092363272044373,1046.4249142221004,265.2740987686221,0.448235174797,0.999227430076
89778618.6449,1074.10175343,24966434.546,2.99971870257,843.830314764,0.876540314359159,1027.227628068066,278.12859626046486,0.415983071569,0.972768191058
89778618.6449,1074.10175343,24966434.546,2.99971870257,843.830314764,0.6924496703209564,977.2642027806462,271.52930836486263,0.311914970314,0.901850934608
131312482.071,1117.88801849,24605295.0214,2.99881228306,843.572915076,0.7095727739864138,1065.582955313631,268.3666816148401,0.39688280441,0.961582588066
131312482.071,1117.88801849,24605295.0214,2.99881228306,843.572915076,0.5348178375380148,1044.5495197136986,293.1861395036797,0.270177259907,0.881166977934
131312482.071,1117.88801849,24605295.0214,2.99881228306,843.572915076,0.7285930185987147,1102.5210813839885,277.34786151281565,0.429194770714,0.990612810759
131312482.071,1117.88801849,24605295.0214,2.99881228306,843.572915076,0.8936192546637581,1034.2233839523362,272.288498983765,0.420523363819,0.981079318043
131312482.071,1117.88801849,24605295.0214,2.99881228306,843.572915076,0.8424198721343454,1050.8666622734593,310.83404197995714,0.413777380828,0.982472886965
131312482.071,1117.88801849,24605295.0214,2.99881228306,843.572915076,0.5668090885046224,1075.0198670463317,304.26163973360855,0.326450258012,0.921691778865
131312482.071,1117.88801849,24605295.0214,2.99881228306,843.572915076,1.0048684093758526,1091.2231573142456,288.3873557280455,0.462356592594,0.995015488875
131312482.071,1117.88801849,24605295.0214,2.99881228306,843.572915076,0.6471297336553015,1025.4454846485232,317.69745054532035,0.326043650207,0.921332594918
131312482.071,1117.88801849,24605295.0214,2.99881228306,843.572915076,0.9565139269629432,1114.4040459969806,300.037832305981,0.461122609675,1.00052768932
131312482.071,1117.88801849,24605295.0214,2.99881228306,843.572915076,0.8084724712643112,1007.1126665513729,282.95457519593197,0.38176516093,0.956114324455
27209546.4445,1208.57779218,24745091.0185,2.96842082372,842.822966115,0.7727031562266862,1148.0965412250744,264.5596515849037,0.464997364564,0.994206449694
27209546.4445,1208.57779218,24745091.0185,2.96842082372,842.822966115,0.9140442196254546,1160.1338273623958,280.8809134905933,0.489917296994,1.01779199358
27209546.4445,1208.57779218,24745091.0185,2.96842082372,842.822966115,0.657502643908565,1171.1566281869148,298.9553745364134,0.444655711917,0.993843168595
27209546.4445,1208.57779218,24745091.0185,2.96842082372,842.822966115,0.6712969743060707,1092.6315822704478,277.5693591456256,0.408642525046,0.966501691767
27209546.4445,1208.57779218,24745091.0185,2.96842082372,842.822966115,0.8344213481966852,1182.8415294780118,307.3054492463872,0.482455945735,1.01835013091
27209546.4445,1208.57779218,24745091.0185,2.96842082372,842.822966115,0.5135130774982839,1129.233607541928,317.47886470431655,0.344269301046,0.932962542635
27209546.4445,1208.57779218,24745091.0185,2.96842082372,842.822966115,0.5861618850704854,1201.2222496413908,293.3772979863228,0.444442994419,1.00064746167
27209546.4445,1208.57779218,24745091.0185,2.96842082372,842.822966115,0.7823073038718866,1116.0508293853604,301.8839132184279,0.444177719733,0.994523757574
27209546.4445,1208.57779218,24745091.0185,2.96842082372,842.822966115,1.014179949397371,1101.3627291945613,273.7823879032431,0.473193492922,1.00016237215
27209546.4445,1208.57779218,24745091.0185,2.96842082372,842.822966115,0.9429265526669091,1188.0269180154469,289.48481196934375,0.502367520394,1.02887004321
140634755.138,1069.66475941,24472093.0373,2.9554977939,843.071644241,0.9461989922207921,1032.9163094613098,318.1199766781446,0.424538364982,0.991192684709
140634755.138,1069.66475941,24472093.0373,2.9554977939,843.071644241,0.6330047249727344,1022.3312305043087,292.588939446881,0.324333971886,0.912419024598
140634755.138,1069.66475941,24472093.0373,2.9554977939,843.071644241,0.7038337308645726,982.3864451283008,274.0365814160622,0.32208301488,0.908879759717
140634755.138,1069.66475941,24472093.0373,2.9554977939,843.071644241,0.768475947549686,1039.305203542737,265.45803657542996,0.398761809316,0.96081783373
140634755.138,1069.66475941,24472093.0373,2.9554977939,843.071644241,0.8950559913104659,968.2539349306685,303.45364271420783,0.368156895345,0.956357774691
140634755.138,1069.66475941,24472093.0373,2.9554977939,843.071644241,0.7855647578322608,1014.1332139141883,275.820449734029,0.384831342272,0.956347772692
140634755.138,1069.66475941,24472093.0373,2.9554977939,843.071644241,0.8369786392528221,1060.3227541498668,299.5481770292999,0.422706452093,0.989133353181
140634755.138,1069.66475941,24472093.0373,2.9554977939,843.071644241,1.031559232755911,1052.0318060194895,290.38882864267055,0.450312763017,0.99289160813
140634755.138,1069.66475941,24472093.0373,2.9554977939,843.071644241,0.5973164916575568,994.6690863905154,310.4049055943623,0.259361656941,0.872139340149
140634755.138,1069.66475941,24472093.0373,2.9554977939,843.071644241,0.5109438141814526,997.005231913254,280.7244163685375,0.182978454642,0.806375292038
46509724.9046,1116.7201773,24464217.4276,2.94845870179,836.399351538,0.9676542128571717,1053.0746997004692,301.92703756645005,0.43907093731,0.998783619622
46509724.9046,1116.7201773,24464217.4276,2.94845870179,836.399351538,0.9050643165871541,1108.8578135363061,282.7490074230199,0.464107498737,0.99382594782
46509724.9046,1116.7201773,24464217.4276,2.94845870179,836.399351538,0.8250773347559655,1022.8500763278091,292.7943225087086,0.396923587141,0.960799010525
46509724.9046,1116.7201773,24464217.4276,2.94845870179,836.399351538,1.0031656684589785,1093.2528907479957,266.3076659782183,0.467614665798,0.995805570295
46509724.9046,1116.7201773,24464217.4276,2.94845870179,836.399351538,0.5586523365484698,1009.5168907269425,289.68450167152815,0.242596947589,0.848916898342
46509724.9046,1116.7201773,24464217.4276,2.94845870179,836.399351538,0.7229442473209715,1031.6853242432965,313.5971309311965,0.367665904684,0.956722023596
46509724.9046,1116.7201773,24464217.4276,2.94845870179,836.399351538,0.841090504357809,1041.9067782905117,272.6278121023754,0.417281750984,0.973695234953
46509724.9046,1116.7201773,24464217.4276,2.94845870179,836.399351538,0.6979385027193719,1077.1340920028163,278.9872262658996,0.401737316539,0.962415772357
46509724.9046,1116.7201773,24464217.4276,2.94845870179,836.399351538,0.5176022290311239,1101.0042654676076,311.142091415101,0.30814697601,0.904333744925
46509724.9046,1116.7201773,24464217.4276,2.94845870179,836.399351538,0.6217458659600837,1068.614710503561,301.09376472606635,0.352198645556,0.941524368296
52990662.1042,1190.09983918,24226929.2997,2.94155443432,816.515989649,0.9763074839154449,1099.8277241968635,274.77199313116836,0.46566501015,0.995358182516
52990662.1042,1190.09983918,24226929.2997,2.94155443432,816.515989649,0.5160947853397336,1147.0739121790089,284.09666799131276,0.328486546316,0.915099846391
52990662.1042,1190.09983918,24226929.2997,2.94155443432,816.515989649,0.726588412855887,1136.58962168036,295.95040696021795,0.431691212022,1.00083583445
52990662.1042,1190.09983918,24226929.2997,2.94155443432,816.515989649,0.5910107613697997,1123.2561432203115,302.13037997954814,0.357241424757,0.950592563257
52990662.1042,1190.09983918,24226929.2997,2.94155443432,816.515989649,0.846762025920913,1116.9255759702564,272.04212155652414,0.454807567826,0.99285930225
52990662.1042,1190.09983918,24226929.2997,2.94155443432,816.515989649,0.619365899126748,1160.069592906451,263.4365892867146,0.411388715582,0.970832109172
52990662.1042,1190.09983918,24226929.2997,2.94155443432,816.515989649,1.0161724640409253,1081.194415326699,311.580199202009,0.453647357753,0.993427060347
52990662.1042,1190.09983918,24226929.2997,2.94155443432,816.515989649,0.8163417964294504,1185.5899650254687,299.58667857437723,0.474304810868,1.01052472049
52990662.1042,1190.09983918,24226929.2997,2.94155443432,816.515989649,0.6795835467656056,1086.0719859613662,317.2038452869407,0.374957533498,0.956145912451
52990662.1042,1190.09983918,24226929.2997,2.94155443432,816.515989649,0.9204437291408321,1178.1485831819996,285.7688274693187,0.495886349441,1.03065211848
55372301.317,1055.91111059,24610694.3728,2.78642401913,805.329334192,1.0101784115459065,1007.7303034844764,265.8953576773089,0.440030360286,0.979642169431
55372301.317,1055.91111059,24610694.3728,2.78642401913,805.329334192,0.8142482442175109,988.7029476767419,316.0855374408084,0.358810867621,0.93406641072
55372301.317,1055.91111059,24610694.3728,2.78642401913,805.329334192,0.6069635600550565,955.7666963828309,296.70288128079585,0.165504033089,0.78794134081
55372301.317,1055.91111059,24610694.3728,2.78642401913,805.329334192,0.5041037344868249,1029.906491281202,283.7747784772215,0.169925837832,0.783154761655
55372301.317,1055.91111059,24610694.3728,2.78642401913,805.329334192,0.6267744382443509,970.793074253586,275.92829744579075,0.22079855041,0.827200644109
55372301.317,1055.91111059,24610694.3728,2.78642401913,805.329334192,0.9892840100760654,1049.21652094388,294.54554152254,0.459185463363,1.00431705573
55372301.317,1055.91111059,24610694.3728,2.78642401913,805.329334192,0.725836865262226,1040.5687801875029,307.76888104127994,0.369358310526,0.94385697969
55372301.317,1055.91111059,24610694.3728,2.78642401913,805.329334192,0.9032832055152061,1016.494045491012,285.4000361096083,0.421217602305,0.966075694653
55372301.317,1055.91111059,24610694.3728,2.78642401913,805.329334192,0.8438745405186775,974.9939140245336,304.3961833809084,0.357035281594,0.932377121863
55372301.317,1055.91111059,24610694.3728,2.78642401913,805.329334192,0.6661992862040815,997.2000968360675,272.65667822507083,0.293244372038,0.880643295521
118229662.139,1096.1293007,24239764.2157,2.74537361591,815.019638997,0.5755615820065814,1009.355140720025,292.4275520728993,0.243850692623,0.843320780374
118229662.139,1096.1293007,24239764.2157,2.74537361591,815.019638997,0.6583001115774463,1039.8982059441269,267.26176272933884,0.351674427679,0.922333700916
118229662.139,1096.1293007,24239764.2157,2.74537361591,815.019638997,0.8482858395537272,987.7247061013609,280.7833274156228,0.389500555025,0.956550607173
118229662.139,1096.1293007,24239764.2157,2.74537361591,815.019638997,0.6855288085449156,1073.1738448866515,275.8712486196476,0.398396671923,0.965082731026
118229662.139,1096.1293007,24239764.2157,2.74537361591,815.019638997,0.7334276581098612,1052.4214579412371,303.1852558077096,0.393514966078,0.963205441782
118229662.139,1096.1293007,24239764.2157,2.74537361591,815.019638997,0.7914334987171722,1088.05894410696,298.4610027337676,0.438956032075,0.988320054571
118229662.139,1096.1293007,24239764.2157,2.74537361591,815.019638997,0.5212157745598912,1079.7288034684848,313.41203050354113,0.272474347443,0.871451803298
118229662.139,1096.1293007,24239764.2157,2.74537361591,815.019638997,0.9270717030397269,1043.408162759423,285.3930664815029,0.45098300393,0.992647767616
118229662.139,1096.1293007,24239764.2157,2.74537361591,815.019638997,1.0424949768408043,1003.3904084515117,273.68010085777587,0.445666785894,0.986312948445
118229662.139,1096.1293007,24239764.2157,2.74537361591,815.019638997,0.9786763459211666,1021.3947837936558,312.2269354186298,0.438121566951,0.987360940571
115408819.848,1111.20678942,24295317.0078,2.98703775294,800.592904976,0.8468026731284137,1092.9374661301838,269.13679408987656,0.430740933462,0.995098854995
115408819.848,1111.20678942,24295317.0078,2.98703775294,800.592904976,0.7349965406171832,1032.5051901377722,298.9200046348264,0.328866284535,0.926352584862
115408819.848,1111.20678942,24295317.0078,2.98703775294,800.592904976,0.9547254352896122,1039.3087890945167,281.51348533844595,0.420854706302,0.98392457196
115408819.848,1111.20678942,24295317.0078,2.98703775294,800.592904976,0.8214999017850602,1015.0065571799339,316.3964973988085,0.35212400297,0.949479385155
115408819.848,1111.20678942,24295317.0078,2.98703775294,800.592904976,1.0150028531401514,1067.2906400984193,291.10491696072205,0.448667522258,0.992665506012
115408819.848,1111.20678942,24295317.0078,2.98703775294,800.592904976,0.5974314786279448,1064.894275193012,303.9949090969165,0.26980606552,0.889695231162
115408819.848,1111.20678942,24295317.0078,2.98703775294,800.592904976,0.9153865419273826,1045.456692638749,265.05329052445006,0.414992313729,0.977742346817
115408819.848,1111.20678942,24295317.0078,2.98703775294,800.592904976,0.5189005645982057,1083.2650228344387,288.806517120565,0.219692243665,0.837151179091
115408819.848,1111.20678942,24295317.0078,2.98703775294,800.592904976,0.646847213767626,1003.6283132995464,307.1615335314186,0.232285199018,0.85472639094
115408819.848,1111.20678942,24295317.0078,2.98703775294,800.592904976,0.6946762677970444,1101.1377493045495,274.6090320661279,0.381361961711,0.955975389509
18678914.7641,1202.086134,24801950.2697,2.92254020123,813.306834136,0.6356340494363231,1172.747513622322,301.18574526511895,0.426176639801,0.984393583292
18678914.7641,1202.086134,24801950.2697,2.92254020123,813.306834136,1.041546471591006,1131.004856248734,287.5411224454138,0.495493285254,1.01900718708
18678914.7641,1202.086134,24801950.2697,2.92254020123,813.306834136,0.5290870245886418,1198.105758329982,311.6156297824084,0.383694805253,0.956810155748
18678914.7641,1202.086134,24801950.2697,2.92254020123,813.306834136,0.9234017497432272,1084.2760718200573,304.2814491704451,0.45104209789,0.993536753391
18678914.7641,1202.086134,24801950.2697,2.92254020123,813.306834136,0.7199905549491499,1151.6477443985736,282.2582857828774,0.452575377125,1.00093350773
18678914.7641,1202.086134,24801950.2697,2.92254020123,813.306834136,0.7494131720749725,1182.4840015091756,273.0568298421026,0.47377021657,0.996107634583
18678914.7641,1202.086134,24801950.2697,2.92254020123,813.306834136,0.9650787511891352,1107.265777373305,265.69645730195117,0.475438409295,0.997585055843
18678914.7641,1202.086134,24801950.2697,2.92254020123,813.306834136,0.8784725356094025,1162.8762545913598,294.6706986517428,0.484074836011,1.00930487804
18678914.7641,1202.086134,24801950.2697,2.92254020123,813.306834136,0.7789294362834849,1126.1933633085123,313.05514082247316,0.445891463553,0.99921595074
18678914.7641,1202.086134,24801950.2697,2.92254020123,813.306834136,0.5812456555872142,1102.6432378698682,276.89191838699526,0.345986477636,0.920516489608
40919854.8135,1247.07453376,24601763.7031,2.87620318002,798.994104449,0.8041029497989962,1213.9212415932025,274.8406020041194,0.494586669542,1.01340476348
40919854.8135,1247.07453376,24601763.7031,2.87620318002,798.994104449,0.9107958958913073,1175.5462156058438,267.9538910944248,0.498183382787,1.01850530404
40919854.8135,1247.07453376,24601763.7031,2.87620318002,798.994104449,0.5898180774039716,1194.329750574621,299.29935774752124,0.406309170981,0.964899288786
40919854.8135,1247.07453376,24601763.7031,2.87620318002,798.994104449,0.9636432290399538,1232.5350429979317,287.18361677381176,-0.0,-1.39995746573
40919854.8135,1247.07453376,24601763.7031,2.87620318002,798.994104449,0.6577371879274703,1202.7409319834258,313.7707996341122,0.444671638609,1.00342931055
40919854.8135,1247.07453376,24601763.7031,2.87620318002,798.994104449,0.8590690380703028,1123.1707083015394,271.4276530514453,0.46252901803,0.993514658362
40919854.8135,1247.07453376,24601763.7031,2.87620318002,798.994104449,0.5501645524944994,1138.7458391303621,304.11176289843115,0.329920096009,0.914397200982
