P_net,T_in_ref_blk,p_high,PR,dTemp_HTF_PHX,delta,load,T_HTF_in,T_amb_input
1037.8,22048606.77,3.36,15.55,236.03,0.76,1033.49,307.92
1037.8,22048606.77,3.36,15.55,236.03,0.61,1018.8,312.96
1037.8,22048606.77,3.36,15.55,236.03,0.5,1018.94,299.24
1037.8,22048606.77,3.36,15.55,236.03,0.48,1023.29,305.32
1037.8,22048606.77,3.36,15.55,236.03,0.75,1028.41,286.67
1037.8,22048606.77,3.36,15.55,236.03,1.01,1032.05,275.79
1037.8,22048606.77,3.36,15.55,236.03,0.99,1031.38,295.1
1037.8,22048606.77,3.36,15.55,236.03,0.59,1024.66,254.29
1037.8,22048606.77,3.36,15.55,236.03,0.89,1035.29,323.69
1037.8,22048606.77,3.36,15.55,236.03,1.06,1037.88,258.86
1037.8,22048606.77,3.36,15.55,236.03,0.71,1029.59,253.59
1037.8,22048606.77,3.36,15.55,236.03,0.56,1036.97,264.26
1037.8,22048606.77,3.36,15.55,236.03,0.95,1021.17,320.06
1037.8,22048606.77,3.36,15.55,236.03,0.93,1027.82,266.47
1037.8,22048606.77,3.36,15.55,236.03,0.87,1025.86,276.59
1037.8,22048606.77,3.36,15.55,236.03,0.54,1020.8,281.7
1037.8,22048606.77,3.36,15.55,236.03,0.81,1022.17,290.22
1037.8,22048606.77,3.36,15.55,236.03,0.66,1035.84,270.17
1037.8,22048606.77,3.36,15.55,236.03,0.67,1033.7,315.12
1037.8,22048606.77,3.36,15.55,236.03,0.83,1026.89,296.39
1112.55,20232536.06,3.93,15.75,176.53,0.59,1111.76,320.62
1112.55,20232536.06,3.93,15.75,176.53,0.67,1102.24,269.29
1112.55,20232536.06,3.93,15.75,176.53,0.56,1111.26,286.22
1112.55,20232536.06,3.93,15.75,176.53,0.51,1097.22,299.31
1112.55,20232536.06,3.93,15.75,176.53,0.91,1106.81,292.12
1112.55,20232536.06,3.93,15.75,176.53,0.77,1108.46,307.72
1112.55,20232536.06,3.93,15.75,176.53,0.99,1103.23,280.68
1112.55,20232536.06,3.93,15.75,176.53,0.64,1099.41,260.68
1112.55,20232536.06,3.93,15.75,176.53,0.75,1112.91,291.24
1112.55,20232536.06,3.93,15.75,176.53,0.8,1104.84,313.89
1112.55,20232536.06,3.93,15.75,176.53,0.53,1105.37,314.49
1112.55,20232536.06,3.93,15.75,176.53,1.02,1109.82,276.87
1112.55,20232536.06,3.93,15.75,176.53,0.47,1094.66,322.01
1112.55,20232536.06,3.93,15.75,176.53,1.04,1093.12,250.95
1112.55,20232536.06,3.93,15.75,176.53,0.62,1107.3,273.1
1112.55,20232536.06,3.93,15.75,176.53,0.84,1096.17,268.46
1112.55,20232536.06,3.93,15.75,176.53,0.94,1101.76,305.21
1112.55,20232536.06,3.93,15.75,176.53,0.9,1100.12,264.75
1112.55,20232536.06,3.93,15.75,176.53,0.69,1093.79,254.86
1112.55,20232536.06,3.93,15.75,176.53,0.88,1098.25,296.64
1196.15,20548069.76,3.82,17.99,242.98,0.49,1181.72,317.27
1196.15,20548069.76,3.82,17.99,242.98,0.95,1176.48,312.45
1196.15,20548069.76,3.82,17.99,242.98,0.55,1195.43,256.74
1196.15,20548069.76,3.82,17.99,242.98,1.0,1183.33,258.7
1196.15,20548069.76,3.82,17.99,242.98,0.54,1189.7,305.6
1196.15,20548069.76,3.82,17.99,242.98,0.63,1179.11,299.14
1196.15,20548069.76,3.82,17.99,242.98,0.89,1184.23,321.75
1196.15,20548069.76,3.82,17.99,242.98,0.87,1197.15,265.16
1196.15,20548069.76,3.82,17.99,242.98,0.82,1177.38,318.88
1196.15,20548069.76,3.82,17.99,242.98,0.74,1192.04,270.06
1196.15,20548069.76,3.82,17.99,242.98,0.7,1186.03,278.92
1196.15,20548069.76,3.82,17.99,242.98,0.78,1184.9,273.94
1196.15,20548069.76,3.82,17.99,242.98,0.81,1189.93,263.14
1196.15,20548069.76,3.82,17.99,242.98,0.99,1188.61,306.85
1196.15,20548069.76,3.82,17.99,242.98,0.64,1187.23,251.98
1196.15,20548069.76,3.82,17.99,242.98,0.58,1179.38,283.55
1196.15,20548069.76,3.82,17.99,242.98,0.46,1181.34,287.9
1196.15,20548069.76,3.82,17.99,242.98,1.04,1194.52,285.26
1196.15,20548069.76,3.82,17.99,242.98,0.92,1193.91,296.7
1196.15,20548069.76,3.82,17.99,242.98,0.68,1191.53,291.7
1107.79,22496698.36,3.3,20.44,272.25,1.03,1097.28,293.45
1107.79,22496698.36,3.3,20.44,272.25,0.99,1090.37,315.81
1107.79,22496698.36,3.3,20.44,272.25,0.62,1089.32,306.67
1107.79,22496698.36,3.3,20.44,272.25,0.65,1101.6,265.8
1107.79,22496698.36,3.3,20.44,272.25,0.52,1096.82,283.75
1107.79,22496698.36,3.3,20.44,272.25,0.78,1101.39,319.56
1107.79,22496698.36,3.3,20.44,272.25,0.48,1108.72,255.99
1107.79,22496698.36,3.3,20.44,272.25,1.0,1103.61,290.13
1107.79,22496698.36,3.3,20.44,272.25,0.84,1099.3,302.99
1107.79,22496698.36,3.3,20.44,272.25,0.73,1107.01,251.2
1107.79,22496698.36,3.3,20.44,272.25,0.67,1093.28,287.63
1107.79,22496698.36,3.3,20.44,272.25,0.9,1100.04,262.05
1107.79,22496698.36,3.3,20.44,272.25,0.71,1092.63,261.09
1107.79,22496698.36,3.3,20.44,272.25,0.58,1091.21,272.08
1107.79,22496698.36,3.3,20.44,272.25,0.8,1088.22,310.97
1107.79,22496698.36,3.3,20.44,272.25,0.49,1106.37,273.92
1107.79,22496698.36,3.3,20.44,272.25,0.85,1103.4,301.24
1107.79,22496698.36,3.3,20.44,272.25,0.96,1104.64,279.74
1107.79,22496698.36,3.3,20.44,272.25,0.93,1095.47,296.22
1107.79,22496698.36,3.3,20.44,272.25,0.55,1094.29,321.61
1296.78,22098329.04,3.16,18.55,183.03,0.49,1280.22,302.57
1296.78,22098329.04,3.16,18.55,183.03,0.45,1290.54,262.69
1296.78,22098329.04,3.16,18.55,183.03,0.76,1284.93,278.09
1296.78,22098329.04,3.16,18.55,183.03,0.83,1288.27,291.73
1296.78,22098329.04,3.16,18.55,183.03,0.72,1288.57,260.13
1296.78,22098329.04,3.16,18.55,183.03,0.85,1285.58,297.49
1296.78,22098329.04,3.16,18.55,183.03,0.62,1279.73,280.34
1296.78,22098329.04,3.16,18.55,183.03,0.82,1293.45,255.25
1296.78,22098329.04,3.16,18.55,183.03,0.53,1283.77,317.78
1296.78,22098329.04,3.16,18.55,183.03,0.54,1296.46,274.77
1296.78,22098329.04,3.16,18.55,183.03,0.95,1286.84,307.47
1296.78,22098329.04,3.16,18.55,183.03,0.74,1295.59,268.89
1296.78,22098329.04,3.16,18.55,183.03,1.05,1277.37,315.84
1296.78,22098329.04,3.16,18.55,183.03,0.68,1282.04,312.65
1296.78,22098329.04,3.16,18.55,183.03,1.0,1290.06,289.84
1296.78,22098329.04,3.16,18.55,183.03,0.6,1294.52,322.16
1296.78,22098329.04,3.16,18.55,183.03,0.92,1278.09,303.24
1296.78,22098329.04,3.16,18.55,183.03,0.9,1281.73,270.2
1296.78,22098329.04,3.16,18.55,183.03,0.99,1292.23,284.01
1296.78,22098329.04,3.16,18.55,183.03,0.64,1296.88,252.42
1030.57,24681075.44,3.56,25.64,264.78,0.56,1016.5,293.57
1030.57,24681075.44,3.56,25.64,264.78,1.01,1030.94,270.28
1030.57,24681075.44,3.56,25.64,264.78,0.8,1018.4,300.81
1030.57,24681075.44,3.56,25.64,264.78,0.67,1023.83,253.92
1030.57,24681075.44,3.56,25.64,264.78,0.65,1019.81,323.55
1030.57,24681075.44,3.56,25.64,264.78,0.91,1026.37,285.68
1030.57,24681075.44,3.56,25.64,264.78,0.93,1010.88,290.54
1030.57,24681075.44,3.56,25.64,264.78,0.84,1025.17,311.03
1030.57,24681075.44,3.56,25.64,264.78,0.96,1025.94,262.17
1030.57,24681075.44,3.56,25.64,264.78,0.45,1030.15,304.34
1030.57,24681075.44,3.56,25.64,264.78,1.03,1013.16,250.41
1030.57,24681075.44,3.56,25.64,264.78,0.54,1012.17,316.12
1030.57,24681075.44,3.56,25.64,264.78,0.86,1014.16,273.49
1030.57,24681075.44,3.56,25.64,264.78,0.74,1017.48,282.03
1030.57,24681075.44,3.56,25.64,264.78,0.98,1022.57,297.19
1030.57,24681075.44,3.56,25.64,264.78,0.71,1020.32,265.5
1030.57,24681075.44,3.56,25.64,264.78,0.61,1029.36,320.6
1030.57,24681075.44,3.56,25.64,264.78,0.5,1015.56,259.01
1030.57,24681075.44,3.56,25.64,264.78,0.78,1028.22,309.28
1030.57,24681075.44,3.56,25.64,264.78,0.57,1021.31,278.01
1176.48,24256255.64,2.89,29.76,155.39,0.6,1175.38,293.14
1176.48,24256255.64,2.89,29.76,155.39,0.98,1161.16,295.65
1176.48,24256255.64,2.89,29.76,155.39,0.55,1157.74,263.99
1176.48,24256255.64,2.89,29.76,155.39,0.69,1165.95,279.75
1176.48,24256255.64,2.89,29.76,155.39,1.0,1173.1,318.11
1176.48,24256255.64,2.89,29.76,155.39,0.88,1167.54,311.92
1176.48,24256255.64,2.89,29.76,155.39,0.78,1161.97,301.06
1176.48,24256255.64,2.89,29.76,155.39,0.94,1175.38,251.38
1176.48,24256255.64,2.89,29.76,155.39,0.82,1168.74,285.26
1176.48,24256255.64,2.89,29.76,155.39,0.46,1165.55,268.52
1176.48,24256255.64,2.89,29.76,155.39,1.04,1156.57,309.92
1176.48,24256255.64,2.89,29.76,155.39,0.7,1176.49,274.3
1176.48,24256255.64,2.89,29.76,155.39,0.93,1159.29,314.48
1176.48,24256255.64,2.89,29.76,155.39,0.66,1173.34,255.27
1176.48,24256255.64,2.89,29.76,155.39,0.63,1169.48,321.75
1176.48,24256255.64,2.89,29.76,155.39,0.54,1164.02,304.19
1176.48,24256255.64,2.89,29.76,155.39,0.8,1163.16,282.31
1176.48,24256255.64,2.89,29.76,155.39,0.88,1160.14,288.16
1176.48,24256255.64,2.89,29.76,155.39,0.73,1170.15,268.95
1176.48,24256255.64,2.89,29.76,155.39,0.51,1172.06,259.01
1188.49,23528282.24,2.8,19.96,281.01,0.88,1188.18,262.35
1188.49,23528282.24,2.8,19.96,281.01,0.54,1183.66,285.54
1188.49,23528282.24,2.8,19.96,281.01,0.88,1173.45,277.24
1188.49,23528282.24,2.8,19.96,281.01,0.84,1182.45,318.56
1188.49,23528282.24,2.8,19.96,281.01,0.79,1168.82,311.84
1188.49,23528282.24,2.8,19.96,281.01,0.71,1181.82,302.25
1188.49,23528282.24,2.8,19.96,281.01,0.47,1186.59,280.35
1188.49,23528282.24,2.8,19.96,281.01,0.99,1175.38,303.69
1188.49,23528282.24,2.8,19.96,281.01,0.65,1180.39,250.18
1188.49,23528282.24,2.8,19.96,281.01,0.68,1180.02,317.02
1188.49,23528282.24,2.8,19.96,281.01,0.61,1189.45,298.42
1188.49,23528282.24,2.8,19.96,281.01,0.59,1170.01,267.26
1188.49,23528282.24,2.8,19.96,281.01,0.93,1171.02,269.45
1188.49,23528282.24,2.8,19.96,281.01,1.02,1186.11,272.93
1188.49,23528282.24,2.8,19.96,281.01,0.76,1184.26,309.5
1188.49,23528282.24,2.8,19.96,281.01,0.51,1178.88,293.66
1188.49,23528282.24,2.8,19.96,281.01,1.03,1176.25,289.86
1188.49,23528282.24,2.8,19.96,281.01,0.95,1177.11,260.1
1188.49,23528282.24,2.8,19.96,281.01,0.74,1174.71,254.2
1188.49,23528282.24,2.8,19.96,281.01,0.54,1171.72,323.38
1123.99,21603573.82,3.48,19.89,144.97,1.03,1113.11,313.95
1123.99,21603573.82,3.48,19.89,144.97,0.57,1104.89,286.26
1123.99,21603573.82,3.48,19.89,144.97,0.68,1115.94,258.32
1123.99,21603573.82,3.48,19.89,144.97,0.72,1107.17,279.56
1123.99,21603573.82,3.48,19.89,144.97,0.78,1114.41,309.94
1123.99,21603573.82,3.48,19.89,144.97,0.59,1109.13,263.26
1123.99,21603573.82,3.48,19.89,144.97,0.48,1111.53,288.22
1123.99,21603573.82,3.48,19.89,144.97,0.92,1124.63,322.06
1123.99,21603573.82,3.48,19.89,144.97,0.94,1119.65,301.75
1123.99,21603573.82,3.48,19.89,144.97,0.61,1117.45,305.23
1123.99,21603573.82,3.48,19.89,144.97,0.8,1121.62,292.73
1123.99,21603573.82,3.48,19.89,144.97,0.88,1105.05,296.97
1123.99,21603573.82,3.48,19.89,144.97,0.66,1118.11,275.49
1123.99,21603573.82,3.48,19.89,144.97,0.5,1111.16,269.09
1123.99,21603573.82,3.48,19.89,144.97,0.75,1106.28,318.73
1123.99,21603573.82,3.48,19.89,144.97,0.52,1109.39,282.03
1123.99,21603573.82,3.48,19.89,144.97,0.83,1114.88,253.13
1123.99,21603573.82,3.48,19.89,144.97,0.97,1122.15,267.68
1123.99,21603573.82,3.48,19.89,144.97,1.04,1120.71,256.0
1123.99,21603573.82,3.48,19.89,144.97,0.85,1123.54,311.59
1234.85,23672346.43,3.78,29.01,134.18,0.6,1222.66,277.81
1234.85,23672346.43,3.78,29.01,134.18,0.51,1223.94,266.77
1234.85,23672346.43,3.78,29.01,134.18,1.01,1228.6,288.34
1234.85,23672346.43,3.78,29.01,134.18,0.63,1224.48,323.62
1234.85,23672346.43,3.78,29.01,134.18,0.55,1227.99,271.74
1234.85,23672346.43,3.78,29.01,134.18,0.96,1229.64,261.52
1234.85,23672346.43,3.78,29.01,134.18,0.67,1233.27,294.9
1234.85,23672346.43,3.78,29.01,134.18,0.92,1220.74,286.64
1234.85,23672346.43,3.78,29.01,134.18,0.86,1225.89,253.59
1234.85,23672346.43,3.78,29.01,134.18,0.47,1231.74,254.93
1234.85,23672346.43,3.78,29.01,134.18,1.05,1221.27,311.18
1234.85,23672346.43,3.78,29.01,134.18,0.76,1217.54,259.2
1234.85,23672346.43,3.78,29.01,134.18,0.54,1231.6,313.96
1234.85,23672346.43,3.78,29.01,134.18,0.65,1216.07,308.03
1234.85,23672346.43,3.78,29.01,134.18,0.99,1235.5,295.99
1234.85,23672346.43,3.78,29.01,134.18,0.9,1234.6,305.5
1234.85,23672346.43,3.78,29.01,134.18,0.74,1219.05,274.24
1234.85,23672346.43,3.78,29.01,134.18,0.81,1218.71,301.31
1234.85,23672346.43,3.78,29.01,134.18,0.71,1215.17,282.04
1234.85,23672346.43,3.78,29.01,134.18,0.82,1226.53,321.05
1159.55,24640869.14,3.9,23.8,204.07,0.96,1158.89,320.35
1159.55,24640869.14,3.9,23.8,204.07,0.55,1153.11,282.46
1159.55,24640869.14,3.9,23.8,204.07,0.71,1145.67,307.36
1159.55,24640869.14,3.9,23.8,204.07,0.85,1157.69,268.89
1159.55,24640869.14,3.9,23.8,204.07,0.82,1153.51,254.86
1159.55,24640869.14,3.9,23.8,204.07,0.61,1142.53,287.38
1159.55,24640869.14,3.9,23.8,204.07,0.92,1146.04,315.42
1159.55,24640869.14,3.9,23.8,204.07,0.58,1150.98,289.54
1159.55,24640869.14,3.9,23.8,204.07,0.47,1147.33,298.21
1159.55,24640869.14,3.9,23.8,204.07,1.03,1151.59,258.27
1159.55,24640869.14,3.9,23.8,204.07,0.75,1155.81,299.78
1159.55,24640869.14,3.9,23.8,204.07,0.98,1140.86,273.72
1159.55,24640869.14,3.9,23.8,204.07,0.53,1159.92,322.98
1159.55,24640869.14,3.9,23.8,204.07,0.68,1154.7,312.28
1159.55,24640869.14,3.9,23.8,204.07,1.03,1144.67,292.58
1159.55,24640869.14,3.9,23.8,204.07,0.66,1149.21,252.21
1159.55,24640869.14,3.9,23.8,204.07,0.9,1148.65,269.82
1159.55,24640869.14,3.9,23.8,204.07,0.78,1143.29,305.97
1159.55,24640869.14,3.9,23.8,204.07,0.5,1156.39,264.5
1159.55,24640869.14,3.9,23.8,204.07,0.8,1140.52,279.23
1087.99,22956222.25,2.9,29.58,143.49,0.91,1077.23,260.81
1087.99,22956222.25,2.9,29.58,143.49,0.63,1069.49,320.14
1087.99,22956222.25,2.9,29.58,143.49,0.7,1081.61,287.53
1087.99,22956222.25,2.9,29.58,143.49,0.89,1070.41,252.29
1087.99,22956222.25,2.9,29.58,143.49,0.74,1080.21,269.09
1087.99,22956222.25,2.9,29.58,143.49,0.84,1084.19,300.93
1087.99,22956222.25,2.9,29.58,143.49,1.01,1068.09,323.87
1087.99,22956222.25,2.9,29.58,143.49,0.67,1087.87,304.52
1087.99,22956222.25,2.9,29.58,143.49,0.95,1074.31,266.41
1087.99,22956222.25,2.9,29.58,143.49,0.51,1084.79,312.43
1087.99,22956222.25,2.9,29.58,143.49,1.05,1072.65,316.26
1087.99,22956222.25,2.9,29.58,143.49,0.87,1088.01,281.49
1087.99,22956222.25,2.9,29.58,143.49,0.66,1075.68,292.49
1087.99,22956222.25,2.9,29.58,143.49,0.76,1082.45,253.92
1087.99,22956222.25,2.9,29.58,143.49,0.8,1078.29,263.5
1087.99,22956222.25,2.9,29.58,143.49,0.49,1074.03,273.69
1087.99,22956222.25,2.9,29.58,143.49,0.97,1078.57,306.83
1087.99,22956222.25,2.9,29.58,143.49,0.54,1071.61,290.97
1087.99,22956222.25,2.9,29.58,143.49,0.6,1083.74,279.97
1087.99,22956222.25,2.9,29.58,143.49,0.48,1086.75,296.99
1069.19,20616937.0,3.37,18.73,124.51,0.67,1053.94,294.69
1069.19,20616937.0,3.37,18.73,124.51,0.85,1063.23,290.61
1069.19,20616937.0,3.37,18.73,124.51,0.47,1060.33,267.02
1069.19,20616937.0,3.37,18.73,124.51,0.97,1049.75,273.34
1069.19,20616937.0,3.37,18.73,124.51,0.9,1066.17,283.68
1069.19,20616937.0,3.37,18.73,124.51,0.52,1062.45,318.42
1069.19,20616937.0,3.37,18.73,124.51,0.56,1061.39,285.17
1069.19,20616937.0,3.37,18.73,124.51,0.49,1052.74,325.02
1069.19,20616937.0,3.37,18.73,124.51,1.02,1068.34,256.89
1069.19,20616937.0,3.37,18.73,124.51,0.73,1054.65,259.11
1069.19,20616937.0,3.37,18.73,124.51,1.04,1051.79,299.47
1069.19,20616937.0,3.37,18.73,124.51,0.79,1069.16,317.06
1069.19,20616937.0,3.37,18.73,124.51,0.62,1058.89,251.32
1069.19,20616937.0,3.37,18.73,124.51,0.64,1058.27,263.88
1069.19,20616937.0,3.37,18.73,124.51,0.59,1065.09,313.04
1069.19,20616937.0,3.37,18.73,124.51,0.84,1055.78,307.75
1069.19,20616937.0,3.37,18.73,124.51,0.94,1064.62,305.11
1069.19,20616937.0,3.37,18.73,124.51,0.94,1068.05,297.94
1069.19,20616937.0,3.37,18.73,124.51,0.76,1057.19,278.75
1069.19,20616937.0,3.37,18.73,124.51,0.71,1050.96,270.41
1045.49,23139142.01,2.99,25.45,298.18,0.98,1044.99,303.67
1045.49,23139142.01,2.99,25.45,298.18,0.75,1028.66,275.93
1045.49,23139142.01,2.99,25.45,298.18,0.83,1044.1,324.53
1045.49,23139142.01,2.99,25.45,298.18,0.93,1041.68,310.36
1045.49,23139142.01,2.99,25.45,298.18,0.85,1025.95,298.07
1045.49,23139142.01,2.99,25.45,298.18,0.96,1040.54,260.42
1045.49,23139142.01,2.99,25.45,298.18,0.7,1038.79,288.56
1045.49,23139142.01,2.99,25.45,298.18,0.54,1035.38,270.72
1045.49,23139142.01,2.99,25.45,298.18,0.68,1033.96,254.53
1045.49,23139142.01,2.99,25.45,298.18,0.58,1031.86,264.45
1045.49,23139142.01,2.99,25.45,298.18,0.78,1037.29,267.42
1045.49,23139142.01,2.99,25.45,298.18,0.56,1033.4,287.55
1045.49,23139142.01,2.99,25.45,298.18,0.63,1045.89,282.49
1045.49,23139142.01,2.99,25.45,298.18,0.47,1027.37,317.68
1045.49,23139142.01,2.99,25.45,298.18,1.02,1036.51,279.47
1045.49,23139142.01,2.99,25.45,298.18,0.64,1031.36,316.2
1045.49,23139142.01,2.99,25.45,298.18,0.5,1030.2,294.14
1045.49,23139142.01,2.99,25.45,298.18,0.8,1042.99,309.33
1045.49,23139142.01,2.99,25.45,298.18,0.89,1039.41,250.91
1045.49,23139142.01,2.99,25.45,298.18,1.05,1027.77,301.98
1222.98,21004684.35,2.78,23.16,127.5,0.59,1204.88,307.63
1222.98,21004684.35,2.78,23.16,127.5,0.66,1206.35,291.38
1222.98,21004684.35,2.78,23.16,127.5,0.57,1203.19,268.27
1222.98,21004684.35,2.78,23.16,127.5,0.72,1207.95,316.83
1222.98,21004684.35,2.78,23.16,127.5,0.75,1211.87,259.07
1222.98,21004684.35,2.78,23.16,127.5,0.5,1220.5,251.35
1222.98,21004684.35,2.78,23.16,127.5,0.94,1223.42,262.98
1222.98,21004684.35,2.78,23.16,127.5,0.98,1215.15,324.78
1222.98,21004684.35,2.78,23.16,127.5,1.05,1209.53,295.1
1222.98,21004684.35,2.78,23.16,127.5,0.93,1221.12,280.67
1222.98,21004684.35,2.78,23.16,127.5,0.63,1218.3,312.96
1222.98,21004684.35,2.78,23.16,127.5,0.54,1218.93,319.55
1222.98,21004684.35,2.78,23.16,127.5,0.78,1216.18,302.55
1222.98,21004684.35,2.78,23.16,127.5,0.88,1222.54,303.24
1222.98,21004684.35,2.78,23.16,127.5,0.69,1209.02,255.14
1222.98,21004684.35,2.78,23.16,127.5,0.85,1205.54,296.03
1222.98,21004684.35,2.78,23.16,127.5,0.88,1214.09,270.9
1222.98,21004684.35,2.78,23.16,127.5,0.46,1216.94,276.23
1222.98,21004684.35,2.78,23.16,127.5,0.79,1210.81,278.57
1222.98,21004684.35,2.78,23.16,127.5,1.02,1213.08,285.86
1282.95,25237280.01,3.23,28.2,170.34,0.95,1282.23,255.06
1282.95,25237280.01,3.23,28.2,170.34,1.0,1268.32,322.7
1282.95,25237280.01,3.23,28.2,170.34,0.93,1269.47,263.41
1282.95,25237280.01,3.23,28.2,170.34,0.78,1280.75,292.25
1282.95,25237280.01,3.23,28.2,170.34,0.46,1272.48,288.84
1282.95,25237280.01,3.23,28.2,170.34,0.86,1264.59,306.78
1282.95,25237280.01,3.23,28.2,170.34,0.8,1274.58,271.35
1282.95,25237280.01,3.23,28.2,170.34,1.03,1278.52,301.49
1282.95,25237280.01,3.23,28.2,170.34,0.89,1265.88,268.18
1282.95,25237280.01,3.23,28.2,170.34,0.7,1267.22,252.43
1282.95,25237280.01,3.23,28.2,170.34,0.62,1263.84,316.8
1282.95,25237280.01,3.23,28.2,170.34,0.66,1277.33,285.99
1282.95,25237280.01,3.23,28.2,170.34,0.58,1271.55,258.89
1282.95,25237280.01,3.23,28.2,170.34,0.75,1273.61,321.09
1282.95,25237280.01,3.23,28.2,170.34,0.68,1267.01,298.34
1282.95,25237280.01,3.23,28.2,170.34,0.85,1275.85,280.19
1282.95,25237280.01,3.23,28.2,170.34,0.56,1271.06,273.23
1282.95,25237280.01,3.23,28.2,170.34,0.5,1281.47,303.4
1282.95,25237280.01,3.23,28.2,170.34,1.06,1279.21,312.75
1282.95,25237280.01,3.23,28.2,170.34,0.53,1283.12,277.51
1143.73,22756865.77,3.21,27.29,120.39,0.96,1127.75,265.58
1143.73,22756865.77,3.21,27.29,120.39,0.67,1142.58,306.72
1143.73,22756865.77,3.21,27.29,120.39,0.82,1144.19,255.58
1143.73,22756865.77,3.21,27.29,120.39,0.6,1135.0,274.58
1143.73,22756865.77,3.21,27.29,120.39,0.45,1142.86,315.45
1143.73,22756865.77,3.21,27.29,120.39,0.56,1140.18,299.26
1143.73,22756865.77,3.21,27.29,120.39,0.79,1140.9,277.54
1143.73,22756865.77,3.21,27.29,120.39,1.01,1136.43,321.38
1143.73,22756865.77,3.21,27.29,120.39,0.9,1128.85,303.55
1143.73,22756865.77,3.21,27.29,120.39,0.62,1131.19,291.22
1143.73,22756865.77,3.21,27.29,120.39,0.65,1124.66,312.78
1143.73,22756865.77,3.21,27.29,120.39,0.51,1138.44,258.14
1143.73,22756865.77,3.21,27.29,120.39,0.75,1133.44,322.88
1143.73,22756865.77,3.21,27.29,120.39,0.99,1132.31,270.81
1143.73,22756865.77,3.21,27.29,120.39,0.94,1130.39,281.87
1143.73,22756865.77,3.21,27.29,120.39,0.72,1138.13,287.53
1143.73,22756865.77,3.21,27.29,120.39,0.87,1135.59,261.97
1143.73,22756865.77,3.21,27.29,120.39,0.49,1125.81,297.87
1143.73,22756865.77,3.21,27.29,120.39,1.05,1129.01,250.16
1143.73,22756865.77,3.21,27.29,120.39,0.76,1126.2,292.83
1288.95,24040932.58,2.82,25.13,222.58,0.71,1282.11,286.09
1288.95,24040932.58,2.82,25.13,222.58,1.05,1271.96,314.19
1288.95,24040932.58,2.82,25.13,222.58,0.83,1287.14,292.12
1288.95,24040932.58,2.82,25.13,222.58,0.99,1281.36,305.7
1288.95,24040932.58,2.82,25.13,222.58,0.68,1288.63,320.17
1288.95,24040932.58,2.82,25.13,222.58,0.48,1273.28,266.93
1288.95,24040932.58,2.82,25.13,222.58,1.02,1275.77,301.48
1288.95,24040932.58,2.82,25.13,222.58,0.8,1270.3,257.38
1288.95,24040932.58,2.82,25.13,222.58,0.95,1286.77,306.54
1288.95,24040932.58,2.82,25.13,222.58,0.64,1277.19,260.74
1288.95,24040932.58,2.82,25.13,222.58,0.47,1285.38,281.53
1288.95,24040932.58,2.82,25.13,222.58,0.63,1272.12,296.7
1288.95,24040932.58,2.82,25.13,222.58,0.57,1275.14,270.62
1288.95,24040932.58,2.82,25.13,222.58,0.52,1282.75,291.16
1288.95,24040932.58,2.82,25.13,222.58,0.73,1277.44,264.95
1288.95,24040932.58,2.82,25.13,222.58,0.93,1289.56,279.17
1288.95,24040932.58,2.82,25.13,222.58,0.87,1278.49,252.07
1288.95,24040932.58,2.82,25.13,222.58,0.89,1280.03,273.8
1288.95,24040932.58,2.82,25.13,222.58,0.77,1283.85,321.75
1288.95,24040932.58,2.82,25.13,222.58,0.58,1269.08,312.12
1182.7,23555548.64,3.97,28.69,207.42,0.82,1169.63,266.23
1182.7,23555548.64,3.97,28.69,207.42,0.72,1163.36,278.73
1182.7,23555548.64,3.97,28.69,207.42,0.49,1179.94,256.95
1182.7,23555548.64,3.97,28.69,207.42,0.89,1173.98,252.99
1182.7,23555548.64,3.97,28.69,207.42,0.95,1177.28,269.8
1182.7,23555548.64,3.97,28.69,207.42,0.47,1180.65,301.18
1182.7,23555548.64,3.97,28.69,207.42,0.56,1177.65,306.48
1182.7,23555548.64,3.97,28.69,207.42,1.02,1182.82,324.74
1182.7,23555548.64,3.97,28.69,207.42,1.04,1166.93,315.49
1182.7,23555548.64,3.97,28.69,207.42,0.93,1168.33,264.24
1182.7,23555548.64,3.97,28.69,207.42,0.99,1178.65,302.78
1182.7,23555548.64,3.97,28.69,207.42,0.78,1175.78,298.63
1182.7,23555548.64,3.97,28.69,207.42,0.53,1166.48,290.15
1182.7,23555548.64,3.97,28.69,207.42,0.87,1170.13,310.79
1182.7,23555548.64,3.97,28.69,207.42,0.59,1164.09,258.65
1182.7,23555548.64,3.97,28.69,207.42,0.63,1165.57,284.26
1182.7,23555548.64,3.97,28.69,207.42,0.67,1181.61,273.61
1182.7,23555548.64,3.97,28.69,207.42,0.79,1175.25,318.87
1182.7,23555548.64,3.97,28.69,207.42,0.64,1172.07,292.98
1182.7,23555548.64,3.97,28.69,207.42,0.75,1173.03,281.4
1168.41,20008565.11,3.86,28.39,136.87,0.65,1167.12,278.22
1168.41,20008565.11,3.86,28.39,136.87,0.88,1152.63,304.36
1168.41,20008565.11,3.86,28.39,136.87,0.82,1157.43,291.49
1168.41,20008565.11,3.86,28.39,136.87,0.5,1163.67,281.92
1168.41,20008565.11,3.86,28.39,136.87,0.87,1168.43,256.78
1168.41,20008565.11,3.86,28.39,136.87,0.53,1149.39,260.31
1168.41,20008565.11,3.86,28.39,136.87,0.99,1156.25,250.47
1168.41,20008565.11,3.86,28.39,136.87,0.6,1162.32,274.74
1168.41,20008565.11,3.86,28.39,136.87,0.63,1159.41,266.17
1168.41,20008565.11,3.86,28.39,136.87,0.72,1151.72,264.57
1168.41,20008565.11,3.86,28.39,136.87,0.68,1166.07,297.95
1168.41,20008565.11,3.86,28.39,136.87,1.06,1154.4,314.62
1168.41,20008565.11,3.86,28.39,136.87,0.56,1162.04,299.75
1168.41,20008565.11,3.86,28.39,136.87,0.92,1158.13,270.6
1168.41,20008565.11,3.86,28.39,136.87,0.8,1151.25,290.18
1168.41,20008565.11,3.86,28.39,136.87,0.75,1167.46,324.89
1168.41,20008565.11,3.86,28.39,136.87,0.46,1160.53,285.17
1168.41,20008565.11,3.86,28.39,136.87,0.94,1164.39,319.36
1168.41,20008565.11,3.86,28.39,136.87,1.02,1149.83,309.63
1168.41,20008565.11,3.86,28.39,136.87,0.78,1155.49,311.35
1023.39,24369507.9,3.04,27.66,230.42,0.71,1006.78,284.87
1023.39,24369507.9,3.04,27.66,230.42,0.64,1012.24,307.17
1023.39,24369507.9,3.04,27.66,230.42,0.82,1017.84,292.18
1023.39,24369507.9,3.04,27.66,230.42,0.8,1010.07,315.45
1023.39,24369507.9,3.04,27.66,230.42,1.04,1011.0,302.95
1023.39,24369507.9,3.04,27.66,230.42,0.63,1013.94,283.77
1023.39,24369507.9,3.04,27.66,230.42,0.54,1016.6,260.11
1023.39,24369507.9,3.04,27.66,230.42,0.78,1018.54,268.53
1023.39,24369507.9,3.04,27.66,230.42,0.97,1022.58,295.22
1023.39,24369507.9,3.04,27.66,230.42,1.02,1020.79,257.47
1023.39,24369507.9,3.04,27.66,230.42,0.48,1009.18,276.32
1023.39,24369507.9,3.04,27.66,230.42,0.56,1005.74,272.23
1023.39,24369507.9,3.04,27.66,230.42,0.87,1013.03,263.75
1023.39,24369507.9,3.04,27.66,230.42,0.92,1021.35,311.62
1023.39,24369507.9,3.04,27.66,230.42,0.59,1007.6,250.36
1023.39,24369507.9,3.04,27.66,230.42,0.97,1015.04,288.31
1023.39,24369507.9,3.04,27.66,230.42,0.49,1004.47,323.1
1023.39,24369507.9,3.04,27.66,230.42,0.67,1004.15,299.41
1023.39,24369507.9,3.04,27.66,230.42,0.89,1019.97,279.11
1023.39,24369507.9,3.04,27.66,230.42,0.73,1024.3,320.35
1082.41,21375445.92,3.08,24.02,253.63,0.63,1065.83,299.89
1082.41,21375445.92,3.08,24.02,253.63,0.96,1063.78,252.08
1082.41,21375445.92,3.08,24.02,253.63,0.57,1082.19,295.55
1082.41,21375445.92,3.08,24.02,253.63,0.79,1080.79,324.37
1082.41,21375445.92,3.08,24.02,253.63,0.68,1068.76,284.41
1082.41,21375445.92,3.08,24.02,253.63,1.03,1074.57,320.32
1082.41,21375445.92,3.08,24.02,253.63,0.48,1064.93,254.33
1082.41,21375445.92,3.08,24.02,253.63,0.73,1076.33,312.64
1082.41,21375445.92,3.08,24.02,253.63,0.87,1071.36,267.41
1082.41,21375445.92,3.08,24.02,253.63,1.0,1073.71,258.24
1082.41,21375445.92,3.08,24.02,253.63,0.77,1067.43,269.69
1082.41,21375445.92,3.08,24.02,253.63,0.45,1077.73,316.77
1082.41,21375445.92,3.08,24.02,253.63,0.64,1079.15,263.27
1082.41,21375445.92,3.08,24.02,253.63,0.53,1068.13,272.79
1082.41,21375445.92,3.08,24.02,253.63,0.88,1083.21,304.31
1082.41,21375445.92,3.08,24.02,253.63,0.83,1070.59,281.59
1082.41,21375445.92,3.08,24.02,253.63,0.7,1072.28,293.39
1082.41,21375445.92,3.08,24.02,253.63,0.58,1075.05,309.58
1082.41,21375445.92,3.08,24.02,253.63,0.91,1079.55,278.81
1082.41,21375445.92,3.08,24.02,253.63,1.05,1062.75,289.73
1194.77,22595001.07,2.99,26.4,295.34,0.61,1183.92,258.38
1194.77,22595001.07,2.99,26.4,295.34,0.51,1181.8,253.49
1194.77,22595001.07,2.99,26.4,295.34,0.47,1190.87,285.38
1194.77,22595001.07,2.99,26.4,295.34,0.94,1178.59,277.58
1194.77,22595001.07,2.99,26.4,295.34,0.9,1180.39,322.91
1194.77,22595001.07,2.99,26.4,295.34,0.56,1194.12,312.46
1194.77,22595001.07,2.99,26.4,295.34,0.84,1179.24,265.7
1194.77,22595001.07,2.99,26.4,295.34,0.87,1184.23,292.45
1194.77,22595001.07,2.99,26.4,295.34,0.78,1175.28,315.63
1194.77,22595001.07,2.99,26.4,295.34,1.04,1186.62,269.02
1194.77,22595001.07,2.99,26.4,295.34,0.92,1195.65,290.13
1194.77,22595001.07,2.99,26.4,295.34,1.01,1187.88,300.53
1194.77,22595001.07,2.99,26.4,295.34,0.71,1177.32,264.89
1194.77,22595001.07,2.99,26.4,295.34,0.74,1191.98,283.59
1194.77,22595001.07,2.99,26.4,295.34,0.52,1186.15,255.26
1194.77,22595001.07,2.99,26.4,295.34,0.69,1193.26,298.8
1194.77,22595001.07,2.99,26.4,295.34,0.58,1176.32,302.71
1194.77,22595001.07,2.99,26.4,295.34,0.79,1189.51,319.08
1194.77,22595001.07,2.99,26.4,295.34,0.99,1182.87,306.46
1194.77,22595001.07,2.99,26.4,295.34,0.63,1188.58,273.14
1243.55,25015146.36,2.73,27.59,216.98,0.63,1231.96,274.08
1243.55,25015146.36,2.73,27.59,216.98,1.03,1224.51,278.35
1243.55,25015146.36,2.73,27.59,216.98,0.5,1227.71,314.41
1243.55,25015146.36,2.73,27.59,216.98,0.96,1231.74,271.56
1243.55,25015146.36,2.73,27.59,216.98,1.02,1227.77,294.47
1243.55,25015146.36,2.73,27.59,216.98,0.54,1224.84,265.33
1243.55,25015146.36,2.73,27.59,216.98,0.77,1243.08,288.62
1243.55,25015146.36,2.73,27.59,216.98,0.57,1225.82,304.38
1243.55,25015146.36,2.73,27.59,216.98,0.84,1244.25,307.44
1243.55,25015146.36,2.73,27.59,216.98,0.88,1239.31,251.65
1243.55,25015146.36,2.73,27.59,216.98,0.99,1242.41,320.82
1243.55,25015146.36,2.73,27.59,216.98,0.66,1229.54,300.2
1243.55,25015146.36,2.73,27.59,216.98,0.79,1235.66,257.79
1243.55,25015146.36,2.73,27.59,216.98,0.71,1229.88,257.49
1243.55,25015146.36,2.73,27.59,216.98,0.67,1240.55,295.25
1243.55,25015146.36,2.73,27.59,216.98,0.92,1233.82,322.31
1243.55,25015146.36,2.73,27.59,216.98,0.45,1238.56,261.49
1243.55,25015146.36,2.73,27.59,216.98,0.56,1237.82,281.68
1243.55,25015146.36,2.73,27.59,216.98,0.85,1236.59,284.85
1243.55,25015146.36,2.73,27.59,216.98,0.75,1234.06,313.81
1211.26,21553763.45,3.31,22.56,101.4,0.87,1205.83,316.64
1211.26,21553763.45,3.31,22.56,101.4,0.9,1198.05,280.91
1211.26,21553763.45,3.31,22.56,101.4,0.53,1203.03,324.78
1211.26,21553763.45,3.31,22.56,101.4,0.63,1198.73,303.43
1211.26,21553763.45,3.31,22.56,101.4,1.02,1197.0,278.32
1211.26,21553763.45,3.31,22.56,101.4,0.77,1206.1,275.09
1211.26,21553763.45,3.31,22.56,101.4,0.68,1211.5,272.62
1211.26,21553763.45,3.31,22.56,101.4,1.06,1193.76,320.01
1211.26,21553763.45,3.31,22.56,101.4,0.96,1200.36,297.07
1211.26,21553763.45,3.31,22.56,101.4,0.82,1209.98,292.01
1211.26,21553763.45,3.31,22.56,101.4,0.92,1192.72,289.29
1211.26,21553763.45,3.31,22.56,101.4,0.62,1211.18,255.26
1211.26,21553763.45,3.31,22.56,101.4,0.79,1201.06,252.8
1211.26,21553763.45,3.31,22.56,101.4,0.73,1196.26,264.64
1211.26,21553763.45,3.31,22.56,101.4,0.54,1208.32,300.72
1211.26,21553763.45,3.31,22.56,101.4,0.72,1208.04,261.3
1211.26,21553763.45,3.31,22.56,101.4,0.98,1194.61,311.32
1211.26,21553763.45,3.31,22.56,101.4,0.49,1202.48,286.38
1211.26,21553763.45,3.31,22.56,101.4,0.45,1191.36,267.35
1211.26,21553763.45,3.31,22.56,101.4,0.58,1204.01,307.14
1156.52,20819896.44,3.75,21.18,116.01,0.71,1146.86,324.35
1156.52,20819896.44,3.75,21.18,116.01,0.94,1140.36,269.53
1156.52,20819896.44,3.75,21.18,116.01,0.85,1139.55,253.91
1156.52,20819896.44,3.75,21.18,116.01,0.75,1150.27,313.72
1156.52,20819896.44,3.75,21.18,116.01,1.02,1152.66,302.94
1156.52,20819896.44,3.75,21.18,116.01,0.56,1153.76,284.66
1156.52,20819896.44,3.75,21.18,116.01,0.78,1143.44,259.55
1156.52,20819896.44,3.75,21.18,116.01,1.04,1147.03,267.97
1156.52,20819896.44,3.75,21.18,116.01,0.49,1145.61,299.73
1156.52,20819896.44,3.75,21.18,116.01,0.89,1149.89,282.91
1156.52,20819896.44,3.75,21.18,116.01,0.81,1155.34,319.45
1156.52,20819896.44,3.75,21.18,116.01,0.98,1143.9,272.65
1156.52,20819896.44,3.75,21.18,116.01,0.62,1141.43,290.62
1156.52,20819896.44,3.75,21.18,116.01,0.69,1141.78,279.07
1156.52,20819896.44,3.75,21.18,116.01,0.51,1138.6,250.23
1156.52,20819896.44,3.75,21.18,116.01,0.96,1148.72,263.47
1156.52,20819896.44,3.75,21.18,116.01,0.59,1151.84,309.59
1156.52,20819896.44,3.75,21.18,116.01,0.84,1156.43,294.86
1156.52,20819896.44,3.75,21.18,116.01,0.46,1157.33,316.0
1156.52,20819896.44,3.75,21.18,116.01,0.65,1137.37,298.83
1151.98,22397738.28,2.7,24.49,185.14,0.96,1136.61,253.46
1151.98,22397738.28,2.7,24.49,185.14,1.06,1141.23,313.95
1151.98,22397738.28,2.7,24.49,185.14,0.49,1146.74,301.88
1151.98,22397738.28,2.7,24.49,185.14,0.87,1133.57,254.36
1151.98,22397738.28,2.7,24.49,185.14,0.88,1145.62,271.93
1151.98,22397738.28,2.7,24.49,185.14,0.47,1137.4,307.02
1151.98,22397738.28,2.7,24.49,185.14,1.02,1152.51,321.05
1151.98,22397738.28,2.7,24.49,185.14,0.99,1148.84,323.0
1151.98,22397738.28,2.7,24.49,185.14,0.75,1150.38,296.71
1151.98,22397738.28,2.7,24.49,185.14,0.84,1132.69,304.68
1151.98,22397738.28,2.7,24.49,185.14,0.69,1142.78,275.6
1151.98,22397738.28,2.7,24.49,185.14,0.77,1139.56,285.5
1151.98,22397738.28,2.7,24.49,185.14,0.8,1146.58,291.19
1151.98,22397738.28,2.7,24.49,185.14,0.53,1134.62,280.47
1151.98,22397738.28,2.7,24.49,185.14,0.61,1135.51,278.0
1151.98,22397738.28,2.7,24.49,185.14,0.65,1138.83,263.37
1151.98,22397738.28,2.7,24.49,185.14,0.93,1142.36,310.21
1151.98,22397738.28,2.7,24.49,185.14,0.56,1148.4,261.09
1151.98,22397738.28,2.7,24.49,185.14,0.58,1143.96,294.5
1151.98,22397738.28,2.7,24.49,185.14,0.72,1151.29,265.85
1072.74,25488377.92,3.41,26.28,150.63,0.94,1069.93,289.04
1072.74,25488377.92,3.41,26.28,150.63,0.69,1067.21,271.5
1072.74,25488377.92,3.41,26.28,150.63,0.8,1059.15,261.68
1072.74,25488377.92,3.41,26.28,150.63,0.45,1056.66,295.21
1072.74,25488377.92,3.41,26.28,150.63,0.84,1072.02,299.32
1072.74,25488377.92,3.41,26.28,150.63,0.65,1053.68,294.81
1072.74,25488377.92,3.41,26.28,150.63,0.87,1058.28,317.96
1072.74,25488377.92,3.41,26.28,150.63,0.55,1053.84,287.1
1072.74,25488377.92,3.41,26.28,150.63,0.74,1061.66,302.88
1072.74,25488377.92,3.41,26.28,150.63,0.52,1064.97,312.71
1072.74,25488377.92,3.41,26.28,150.63,1.03,1062.19,281.41
1072.74,25488377.92,3.41,26.28,150.63,0.48,1057.4,316.07
1072.74,25488377.92,3.41,26.28,150.63,0.98,1055.24,260.17
1072.74,25488377.92,3.41,26.28,150.63,0.58,1068.4,308.93
1072.74,25488377.92,3.41,26.28,150.63,0.78,1073.47,277.77
1072.74,25488377.92,3.41,26.28,150.63,0.91,1069.48,323.65
1072.74,25488377.92,3.41,26.28,150.63,0.62,1065.35,257.52
1072.74,25488377.92,3.41,26.28,150.63,0.9,1071.4,250.19
1072.74,25488377.92,3.41,26.28,150.63,0.7,1060.28,273.52
1072.74,25488377.92,3.41,26.28,150.63,1.04,1063.38,265.49
1139.19,20891815.84,3.83,26.98,276.75,0.72,1123.56,309.27
1139.19,20891815.84,3.83,26.98,276.75,0.66,1120.09,315.62
1139.19,20891815.84,3.83,26.98,276.75,0.47,1132.74,297.29
1139.19,20891815.84,3.83,26.98,276.75,1.0,1127.5,291.7
1139.19,20891815.84,3.83,26.98,276.75,0.85,1133.69,285.38
1139.19,20891815.84,3.83,26.98,276.75,0.92,1139.07,289.4
1139.19,20891815.84,3.83,26.98,276.75,0.73,1137.59,303.88
1139.19,20891815.84,3.83,26.98,276.75,0.79,1122.76,266.2
1139.19,20891815.84,3.83,26.98,276.75,0.6,1128.06,256.06
1139.19,20891815.84,3.83,26.98,276.75,0.78,1134.89,318.75
1139.19,20891815.84,3.83,26.98,276.75,0.56,1124.52,310.75
1139.19,20891815.84,3.83,26.98,276.75,0.5,1121.48,252.76
1139.19,20891815.84,3.83,26.98,276.75,0.61,1136.23,258.94
1139.19,20891815.84,3.83,26.98,276.75,1.03,1120.89,324.84
1139.19,20891815.84,3.83,26.98,276.75,0.54,1126.17,301.78
1139.19,20891815.84,3.83,26.98,276.75,0.88,1129.15,281.46
1139.19,20891815.84,3.83,26.98,276.75,1.0,1129.86,279.29
1139.19,20891815.84,3.83,26.98,276.75,0.64,1139.2,275.76
1139.19,20891815.84,3.83,26.98,276.75,0.85,1130.75,271.75
1139.19,20891815.84,3.83,26.98,276.75,0.97,1135.88,262.23
1049.0,25273085.74,3.16,16.71,192.12,0.55,1043.15,276.68
1049.0,25273085.74,3.16,16.71,192.12,0.78,1037.74,311.97
1049.0,25273085.74,3.16,16.71,192.12,0.84,1032.95,303.01
1049.0,25273085.74,3.16,16.71,192.12,0.69,1048.39,298.44
1049.0,25273085.74,3.16,16.71,192.12,0.59,1047.16,252.13
1049.0,25273085.74,3.16,16.71,192.12,0.95,1045.84,299.58
1049.0,25273085.74,3.16,16.71,192.12,0.88,1041.27,267.84
1049.0,25273085.74,3.16,16.71,192.12,0.49,1040.44,272.35
1049.0,25273085.74,3.16,16.71,192.12,0.46,1030.12,285.52
1049.0,25273085.74,3.16,16.71,192.12,0.93,1038.72,319.78
1049.0,25273085.74,3.16,16.71,192.12,0.72,1043.73,292.25
1049.0,25273085.74,3.16,16.71,192.12,1.01,1045.53,258.08
1049.0,25273085.74,3.16,16.71,192.12,1.04,1035.61,307.97
1049.0,25273085.74,3.16,16.71,192.12,0.62,1034.89,281.46
1049.0,25273085.74,3.16,16.71,192.12,0.86,1042.59,316.34
1049.0,25273085.74,3.16,16.71,192.12,0.53,1036.99,257.47
1049.0,25273085.74,3.16,16.71,192.12,0.64,1029.07,275.52
1049.0,25273085.74,3.16,16.71,192.12,0.81,1031.21,263.88
1049.0,25273085.74,3.16,16.71,192.12,0.75,1034.1,290.34
1049.0,25273085.74,3.16,16.71,192.12,0.97,1049.69,324.1
1099.56,23979933.79,3.62,17.86,237.96,1.06,1096.24,259.71
1099.56,23979933.79,3.62,17.86,237.96,0.71,1090.38,254.28
1099.56,23979933.79,3.62,17.86,237.96,0.47,1091.57,293.19
1099.56,23979933.79,3.62,17.86,237.96,1.01,1086.02,268.24
1099.56,23979933.79,3.62,17.86,237.96,0.68,1087.02,278.53
1099.56,23979933.79,3.62,17.86,237.96,0.8,1080.43,286.23
1099.56,23979933.79,3.62,17.86,237.96,0.54,1093.32,273.58
1099.56,23979933.79,3.62,17.86,237.96,0.53,1089.1,314.67
1099.56,23979933.79,3.62,17.86,237.96,0.83,1085.76,303.09
1099.56,23979933.79,3.62,17.86,237.96,1.0,1082.75,271.38
1099.56,23979933.79,3.62,17.86,237.96,0.6,1092.7,295.61
1099.56,23979933.79,3.62,17.86,237.96,0.96,1081.31,299.58
1099.56,23979933.79,3.62,17.86,237.96,0.76,1097.73,281.89
1099.56,23979933.79,3.62,17.86,237.96,0.5,1098.91,319.14
1099.56,23979933.79,3.62,17.86,237.96,0.65,1094.56,324.86
1099.56,23979933.79,3.62,17.86,237.96,0.73,1082.0,264.41
1099.56,23979933.79,3.62,17.86,237.96,0.89,1100.18,313.86
1099.56,23979933.79,3.62,17.86,237.96,0.88,1088.84,307.96
1099.56,23979933.79,3.62,17.86,237.96,0.58,1083.99,253.33
1099.56,23979933.79,3.62,17.86,237.96,0.92,1096.5,288.42
1257.64,24476312.85,3.58,21.37,256.43,0.75,1252.09,280.33
1257.64,24476312.85,3.58,21.37,256.43,0.52,1243.2,276.53
1257.64,24476312.85,3.58,21.37,256.43,0.61,1242.22,270.21
1257.64,24476312.85,3.58,21.37,256.43,0.9,1249.26,316.88
1257.64,24476312.85,3.58,21.37,256.43,0.69,1239.72,274.23
1257.64,24476312.85,3.58,21.37,256.43,0.81,1248.07,312.27
1257.64,24476312.85,3.58,21.37,256.43,0.97,1241.46,259.11
1257.64,24476312.85,3.58,21.37,256.43,0.66,1258.02,322.42
1257.64,24476312.85,3.58,21.37,256.43,0.47,1257.37,252.89
1257.64,24476312.85,3.58,21.37,256.43,1.0,1240.32,286.15
1257.64,24476312.85,3.58,21.37,256.43,0.59,1237.73,254.38
1257.64,24476312.85,3.58,21.37,256.43,0.84,1245.03,299.08
1257.64,24476312.85,3.58,21.37,256.43,0.55,1256.27,308.33
1257.64,24476312.85,3.58,21.37,256.43,1.04,1254.89,295.92
1257.64,24476312.85,3.58,21.37,256.43,0.92,1244.81,263.47
1257.64,24476312.85,3.58,21.37,256.43,0.78,1246.41,267.51
1257.64,24476312.85,3.58,21.37,256.43,0.51,1248.62,319.59
1257.64,24476312.85,3.58,21.37,256.43,0.85,1254.25,291.27
1257.64,24476312.85,3.58,21.37,256.43,0.95,1252.54,291.93
1257.64,24476312.85,3.58,21.37,256.43,0.71,1250.51,305.36
1219.95,22298949.25,3.44,20.85,171.6,0.85,1207.83,318.1
1219.95,22298949.25,3.44,20.85,171.6,0.79,1206.1,296.73
1219.95,22298949.25,3.44,20.85,171.6,0.75,1204.29,280.4
1219.95,22298949.25,3.44,20.85,171.6,0.62,1200.81,307.76
1219.95,22298949.25,3.44,20.85,171.6,0.91,1215.89,268.2
1219.95,22298949.25,3.44,20.85,171.6,0.79,1212.47,317.29
1219.95,22298949.25,3.44,20.85,171.6,0.56,1218.75,273.11
1219.95,22298949.25,3.44,20.85,171.6,0.66,1219.97,301.6
1219.95,22298949.25,3.44,20.85,171.6,0.49,1201.49,303.71
1219.95,22298949.25,3.44,20.85,171.6,0.57,1202.48,278.35
1219.95,22298949.25,3.44,20.85,171.6,0.95,1214.76,310.94
1219.95,22298949.25,3.44,20.85,171.6,0.65,1213.05,272.62
1219.95,22298949.25,3.44,20.85,171.6,1.0,1211.31,250.19
1219.95,22298949.25,3.44,20.85,171.6,0.47,1209.03,293.93
1219.95,22298949.25,3.44,20.85,171.6,0.52,1218.87,288.4
1219.95,22298949.25,3.44,20.85,171.6,0.9,1203.65,262.22
1219.95,22298949.25,3.44,20.85,171.6,0.72,1206.84,284.08
1219.95,22298949.25,3.44,20.85,171.6,1.02,1213.88,322.6
1219.95,22298949.25,3.44,20.85,171.6,0.85,1217.45,256.75
1219.95,22298949.25,3.44,20.85,171.6,1.05,1209.83,260.73
1057.96,21850457.99,3.07,16.09,111.98,0.53,1050.12,273.37
1057.96,21850457.99,3.07,16.09,111.98,0.58,1045.04,299.87
1057.96,21850457.99,3.07,16.09,111.98,0.64,1042.36,308.05
1057.96,21850457.99,3.07,16.09,111.98,0.7,1039.7,296.61
1057.96,21850457.99,3.07,16.09,111.98,0.96,1051.33,265.06
1057.96,21850457.99,3.07,16.09,111.98,0.69,1052.62,287.21
1057.96,21850457.99,3.07,16.09,111.98,0.94,1052.91,292.04
1057.96,21850457.99,3.07,16.09,111.98,0.8,1054.43,271.64
1057.96,21850457.99,3.07,16.09,111.98,0.85,1043.73,305.8
1057.96,21850457.99,3.07,16.09,111.98,0.82,1058.73,253.5
1057.96,21850457.99,3.07,16.09,111.98,0.75,1048.09,257.87
1057.96,21850457.99,3.07,16.09,111.98,1.01,1045.61,280.94
1057.96,21850457.99,3.07,16.09,111.98,0.79,1040.83,316.19
1057.96,21850457.99,3.07,16.09,111.98,0.61,1046.68,267.66
1057.96,21850457.99,3.07,16.09,111.98,0.47,1041.6,324.37
1057.96,21850457.99,3.07,16.09,111.98,0.98,1056.69,254.54
1057.96,21850457.99,3.07,16.09,111.98,1.06,1055.1,278.17
1057.96,21850457.99,3.07,16.09,111.98,0.55,1048.86,312.53
1057.96,21850457.99,3.07,16.09,111.98,0.89,1038.23,289.21
1057.96,21850457.99,3.07,16.09,111.98,0.49,1057.43,320.42
1133.33,21775551.35,3.74,16.92,165.79,1.05,1129.53,318.23
1133.33,21775551.35,3.74,16.92,165.79,0.5,1121.25,285.07
1133.33,21775551.35,3.74,16.92,165.79,0.6,1132.78,259.94
1133.33,21775551.35,3.74,16.92,165.79,0.84,1118.54,279.11
1133.33,21775551.35,3.74,16.92,165.79,0.92,1122.13,324.05
1133.33,21775551.35,3.74,16.92,165.79,0.46,1131.82,283.6
1133.33,21775551.35,3.74,16.92,165.79,0.57,1113.88,288.21
1133.33,21775551.35,3.74,16.92,165.79,0.97,1127.77,291.91
1133.33,21775551.35,3.74,16.92,165.79,0.66,1128.67,305.99
1133.33,21775551.35,3.74,16.92,165.79,0.8,1133.38,313.74
1133.33,21775551.35,3.74,16.92,165.79,0.85,1124.38,302.22
1133.33,21775551.35,3.74,16.92,165.79,0.77,1120.6,250.52
1133.33,21775551.35,3.74,16.92,165.79,0.91,1115.93,256.3
1133.33,21775551.35,3.74,16.92,165.79,1.03,1118.64,317.65
1133.33,21775551.35,3.74,16.92,165.79,0.63,1126.28,272.68
1133.33,21775551.35,3.74,16.92,165.79,0.74,1130.48,269.2
1133.33,21775551.35,3.74,16.92,165.79,0.94,1117.28,295.77
1133.33,21775551.35,3.74,16.92,165.79,0.7,1123.43,306.66
1133.33,21775551.35,3.74,16.92,165.79,0.52,1125.31,268.74
1133.33,21775551.35,3.74,16.92,165.79,0.67,1114.56,263.45
1278.85,23211746.46,3.99,19.52,260.43,0.99,1261.84,256.44
1278.85,23211746.46,3.99,19.52,260.43,0.9,1275.53,283.78
1278.85,23211746.46,3.99,19.52,260.43,0.95,1279.33,284.58
1278.85,23211746.46,3.99,19.52,260.43,0.73,1263.4,314.38
1278.85,23211746.46,3.99,19.52,260.43,0.85,1275.65,323.6
1278.85,23211746.46,3.99,19.52,260.43,0.71,1265.61,298.56
1278.85,23211746.46,3.99,19.52,260.43,0.62,1273.44,288.46
1278.85,23211746.46,3.99,19.52,260.43,0.51,1262.98,299.2
1278.85,23211746.46,3.99,19.52,260.43,1.05,1270.73,306.77
1278.85,23211746.46,3.99,19.52,260.43,0.59,1267.58,260.36
1278.85,23211746.46,3.99,19.52,260.43,0.83,1272.27,313.54
1278.85,23211746.46,3.99,19.52,260.43,1.01,1273.73,266.98
1278.85,23211746.46,3.99,19.52,260.43,0.55,1260.01,292.02
1278.85,23211746.46,3.99,19.52,260.43,0.66,1277.85,270.71
1278.85,23211746.46,3.99,19.52,260.43,0.45,1268.52,278.75
1278.85,23211746.46,3.99,19.52,260.43,0.67,1269.82,320.34
1278.85,23211746.46,3.99,19.52,260.43,0.76,1259.6,274.8
1278.85,23211746.46,3.99,19.52,260.43,0.51,1264.73,252.39
1278.85,23211746.46,3.99,19.52,260.43,0.79,1266.24,264.33
1278.85,23211746.46,3.99,19.52,260.43,0.92,1277.41,303.38
1263.68,24885315.28,3.12,24.91,285.55,0.81,1249.25,322.09
1263.68,24885315.28,3.12,24.91,285.55,0.63,1255.64,286.34
1263.68,24885315.28,3.12,24.91,285.55,1.05,1255.09,267.78
1263.68,24885315.28,3.12,24.91,285.55,0.88,1245.18,314.96
1263.68,24885315.28,3.12,24.91,285.55,0.75,1250.31,280.85
1263.68,24885315.28,3.12,24.91,285.55,0.95,1253.49,298.0
1263.68,24885315.28,3.12,24.91,285.55,0.83,1257.24,311.65
1263.68,24885315.28,3.12,24.91,285.55,0.65,1252.05,275.89
1263.68,24885315.28,3.12,24.91,285.55,0.6,1259.39,256.0
1263.68,24885315.28,3.12,24.91,285.55,0.57,1243.97,261.12
1263.68,24885315.28,3.12,24.91,285.55,0.7,1248.24,294.02
1263.68,24885315.28,3.12,24.91,285.55,0.87,1264.3,290.38
1263.68,24885315.28,3.12,24.91,285.55,0.79,1262.37,309.95
1263.68,24885315.28,3.12,24.91,285.55,0.48,1258.13,318.51
1263.68,24885315.28,3.12,24.91,285.55,0.93,1259.7,251.14
1263.68,24885315.28,3.12,24.91,285.55,0.99,1263.25,269.04
1263.68,24885315.28,3.12,24.91,285.55,0.48,1247.28,263.82
1263.68,24885315.28,3.12,24.91,285.55,0.52,1246.78,300.81
1263.68,24885315.28,3.12,24.91,285.55,1.01,1260.65,277.44
1263.68,24885315.28,3.12,24.91,285.55,0.67,1252.9,304.18
1231.51,20299152.9,3.28,23.47,250.44,0.79,1231.29,315.18
1231.51,20299152.9,3.28,23.47,250.44,0.54,1217.34,261.92
1231.51,20299152.9,3.28,23.47,250.44,0.97,1225.65,285.02
1231.51,20299152.9,3.28,23.47,250.44,0.46,1220.68,257.91
1231.51,20299152.9,3.28,23.47,250.44,1.03,1213.6,256.59
1231.51,20299152.9,3.28,23.47,250.44,0.88,1215.17,321.71
1231.51,20299152.9,3.28,23.47,250.44,1.06,1215.89,302.15
1231.51,20299152.9,3.28,23.47,250.44,0.51,1218.16,280.99
1231.51,20299152.9,3.28,23.47,250.44,0.71,1228.06,291.46
1231.51,20299152.9,3.28,23.47,250.44,0.82,1223.96,309.58
1231.51,20299152.9,3.28,23.47,250.44,0.78,1223.04,296.63
1231.51,20299152.9,3.28,23.47,250.44,0.68,1214.05,271.82
1231.51,20299152.9,3.28,23.47,250.44,0.63,1229.35,290.89
1231.51,20299152.9,3.28,23.47,250.44,0.65,1218.94,318.92
1231.51,20299152.9,3.28,23.47,250.44,0.88,1226.36,250.16
1231.51,20299152.9,3.28,23.47,250.44,0.93,1224.89,277.53
1231.51,20299152.9,3.28,23.47,250.44,0.58,1221.92,275.47
1231.51,20299152.9,3.28,23.47,250.44,0.73,1231.64,311.1
1231.51,20299152.9,3.28,23.47,250.44,0.57,1229.62,266.52
1231.51,20299152.9,3.28,23.47,250.44,0.96,1211.8,302.71
1269.79,23386884.57,3.61,22.69,211.61,0.66,1263.45,313.47
1269.79,23386884.57,3.61,22.69,211.61,0.59,1253.2,256.69
1269.79,23386884.57,3.61,22.69,211.61,0.91,1269.9,324.98
1269.79,23386884.57,3.61,22.69,211.61,0.69,1259.21,290.4
1269.79,23386884.57,3.61,22.69,211.61,0.62,1267.43,258.04
1269.79,23386884.57,3.61,22.69,211.61,0.76,1265.56,309.89
1269.79,23386884.57,3.61,22.69,211.61,0.86,1254.28,316.44
1269.79,23386884.57,3.61,22.69,211.61,0.7,1269.5,287.6
1269.79,23386884.57,3.61,22.69,211.61,0.95,1261.85,294.51
1269.79,23386884.57,3.61,22.69,211.61,1.05,1255.27,319.89
1269.79,23386884.57,3.61,22.69,211.61,0.5,1260.88,270.14
1269.79,23386884.57,3.61,22.69,211.61,0.73,1259.91,275.8
1269.79,23386884.57,3.61,22.69,211.61,0.56,1265.3,297.08
1269.79,23386884.57,3.61,22.69,211.61,0.99,1263.34,283.45
1269.79,23386884.57,3.61,22.69,211.61,0.45,1252.59,278.39
1269.79,23386884.57,3.61,22.69,211.61,1.03,1251.71,305.87
1269.79,23386884.57,3.61,22.69,211.61,0.93,1268.61,262.57
1269.79,23386884.57,3.61,22.69,211.61,0.83,1250.4,250.97
1269.79,23386884.57,3.61,22.69,211.61,0.8,1256.59,301.76
1269.79,23386884.57,3.61,22.69,211.61,0.51,1257.32,265.39
1202.89,21105168.05,3.68,15.05,160.82,0.77,1190.98,288.83
1202.89,21105168.05,3.68,15.05,160.82,0.86,1185.27,292.17
1202.89,21105168.05,3.68,15.05,160.82,0.68,1195.97,285.06
1202.89,21105168.05,3.68,15.05,160.82,0.64,1192.23,269.52
1202.89,21105168.05,3.68,15.05,160.82,0.82,1184.64,255.3
1202.89,21105168.05,3.68,15.05,160.82,0.92,1187.57,253.82
1202.89,21105168.05,3.68,15.05,160.82,0.88,1200.94,267.31
1202.89,21105168.05,3.68,15.05,160.82,0.6,1193.93,261.2
1202.89,21105168.05,3.68,15.05,160.82,0.73,1202.93,322.48
1202.89,21105168.05,3.68,15.05,160.82,1.05,1199.64,321.15
1202.89,21105168.05,3.68,15.05,160.82,0.45,1197.24,283.46
1202.89,21105168.05,3.68,15.05,160.82,0.7,1188.28,275.61
1202.89,21105168.05,3.68,15.05,160.82,0.94,1199.78,297.08
1202.89,21105168.05,3.68,15.05,160.82,0.52,1192.91,307.37
1202.89,21105168.05,3.68,15.05,160.82,0.62,1186.97,299.15
1202.89,21105168.05,3.68,15.05,160.82,0.5,1190.09,261.51
1202.89,21105168.05,3.68,15.05,160.82,0.57,1198.03,303.68
1202.89,21105168.05,3.68,15.05,160.82,0.8,1195.23,313.76
1202.89,21105168.05,3.68,15.05,160.82,1.02,1202.34,279.27
1202.89,21105168.05,3.68,15.05,160.82,0.98,1183.17,315.5
1252.0,21329457.52,3.47,21.76,226.85,0.5,1246.7,264.69
1252.0,21329457.52,3.47,21.76,226.85,0.77,1235.07,276.14
1252.0,21329457.52,3.47,21.76,226.85,0.67,1232.05,267.37
1252.0,21329457.52,3.47,21.76,226.85,0.91,1237.48,317.75
1252.0,21329457.52,3.47,21.76,226.85,0.73,1238.95,270.42
1252.0,21329457.52,3.47,21.76,226.85,0.92,1242.37,287.49
1252.0,21329457.52,3.47,21.76,226.85,0.85,1243.2,301.61
1252.0,21329457.52,3.47,21.76,226.85,0.64,1248.94,289.47
1252.0,21329457.52,3.47,21.76,226.85,1.03,1247.32,279.04
1252.0,21329457.52,3.47,21.76,226.85,0.55,1240.46,282.65
1252.0,21329457.52,3.47,21.76,226.85,0.97,1252.54,292.16
1252.0,21329457.52,3.47,21.76,226.85,0.52,1236.07,311.75
1252.0,21329457.52,3.47,21.76,226.85,1.01,1240.33,298.25
1252.0,21329457.52,3.47,21.76,226.85,0.59,1244.04,323.1
1252.0,21329457.52,3.47,21.76,226.85,0.99,1251.32,252.97
1252.0,21329457.52,3.47,21.76,226.85,0.62,1236.73,309.63
1252.0,21329457.52,3.47,21.76,226.85,0.72,1233.91,257.6
1252.0,21329457.52,3.47,21.76,226.85,0.81,1245.0,257.9
1252.0,21329457.52,3.47,21.76,226.85,0.87,1248.5,304.53
1252.0,21329457.52,3.47,21.76,226.85,0.48,1250.42,316.78
1092.87,22832672.77,3.7,19.1,289.86,0.58,1091.68,291.47
1092.87,22832672.77,3.7,19.1,289.86,1.01,1074.67,251.82
1092.87,22832672.77,3.7,19.1,289.86,0.78,1075.02,309.13
1092.87,22832672.77,3.7,19.1,289.86,0.7,1093.1,268.96
1092.87,22832672.77,3.7,19.1,289.86,0.55,1078.07,302.55
1092.87,22832672.77,3.7,19.1,289.86,0.98,1092.74,289.25
1092.87,22832672.77,3.7,19.1,289.86,0.92,1084.42,303.15
1092.87,22832672.77,3.7,19.1,289.86,0.82,1082.56,259.34
1092.87,22832672.77,3.7,19.1,289.86,0.79,1087.33,313.89
1092.87,22832672.77,3.7,19.1,289.86,0.86,1088.97,280.47
1092.87,22832672.77,3.7,19.1,289.86,1.04,1087.78,262.13
1092.87,22832672.77,3.7,19.1,289.86,0.53,1081.72,316.22
1092.87,22832672.77,3.7,19.1,289.86,0.74,1084.3,286.62
1092.87,22832672.77,3.7,19.1,289.86,0.47,1079.03,296.97
1092.87,22832672.77,3.7,19.1,289.86,0.69,1080.99,265.7
1092.87,22832672.77,3.7,19.1,289.86,0.5,1073.82,278.89
1092.87,22832672.77,3.7,19.1,289.86,0.63,1090.53,255.36
1092.87,22832672.77,3.7,19.1,289.86,0.63,1077.05,320.04
1092.87,22832672.77,3.7,19.1,289.86,0.96,1079.41,275.07
1092.87,22832672.77,3.7,19.1,289.86,0.88,1085.7,323.41
1249.51,24948465.06,2.87,17.3,196.62,0.54,1230.72,277.85
1249.51,24948465.06,2.87,17.3,196.62,0.51,1249.45,259.27
1249.51,24948465.06,2.87,17.3,196.62,0.58,1244.65,314.09
1249.51,24948465.06,2.87,17.3,196.62,0.97,1243.51,302.32
1249.51,24948465.06,2.87,17.3,196.62,0.7,1238.08,254.18
1249.51,24948465.06,2.87,17.3,196.62,1.0,1230.52,303.57
1249.51,24948465.06,2.87,17.3,196.62,0.84,1240.46,262.34
1249.51,24948465.06,2.87,17.3,196.62,0.8,1250.31,323.04
1249.51,24948465.06,2.87,17.3,196.62,0.45,1238.98,318.65
1249.51,24948465.06,2.87,17.3,196.62,0.76,1246.72,309.83
1249.51,24948465.06,2.87,17.3,196.62,1.05,1237.64,282.51
1249.51,24948465.06,2.87,17.3,196.62,0.68,1247.92,268.83
1249.51,24948465.06,2.87,17.3,196.62,0.88,1242.23,293.49
1249.51,24948465.06,2.87,17.3,196.62,0.88,1236.0,287.98
1249.51,24948465.06,2.87,17.3,196.62,0.73,1234.61,270.58
1249.51,24948465.06,2.87,17.3,196.62,0.6,1242.04,295.55
1249.51,24948465.06,2.87,17.3,196.62,0.66,1232.83,310.23
1249.51,24948465.06,2.87,17.3,196.62,0.54,1245.98,283.98
1249.51,24948465.06,2.87,17.3,196.62,0.94,1235.73,274.83
1249.51,24948465.06,2.87,17.3,196.62,0.93,1232.28,253.07
1120.78,23846062.11,3.52,16.52,105.91,0.71,1108.64,255.63
1120.78,23846062.11,3.52,16.52,105.91,0.74,1115.3,312.15
1120.78,23846062.11,3.52,16.52,105.91,0.55,1110.27,290.04
1120.78,23846062.11,3.52,16.52,105.91,0.87,1102.79,305.77
1120.78,23846062.11,3.52,16.52,105.91,0.54,1116.71,264.69
1120.78,23846062.11,3.52,16.52,105.91,1.02,1120.02,324.29
1120.78,23846062.11,3.52,16.52,105.91,0.92,1111.62,316.48
1120.78,23846062.11,3.52,16.52,105.91,0.95,1106.15,267.78
1120.78,23846062.11,3.52,16.52,105.91,0.65,1114.15,253.38
1120.78,23846062.11,3.52,16.52,105.91,0.83,1103.1,287.07
1120.78,23846062.11,3.52,16.52,105.91,0.49,1121.29,277.78
1120.78,23846062.11,3.52,16.52,105.91,0.77,1107.41,319.06
1120.78,23846062.11,3.52,16.52,105.91,0.89,1116.29,269.13
1120.78,23846062.11,3.52,16.52,105.91,0.45,1101.53,259.34
1120.78,23846062.11,3.52,16.52,105.91,0.98,1104.33,281.14
1120.78,23846062.11,3.52,16.52,105.91,1.03,1109.69,295.23
1120.78,23846062.11,3.52,16.52,105.91,0.79,1105.48,309.6
1120.78,23846062.11,3.52,16.52,105.91,0.58,1112.41,274.76
1120.78,23846062.11,3.52,16.52,105.91,0.67,1119.08,292.41
1120.78,23846062.11,3.52,16.52,105.91,0.6,1117.72,302.48
1060.82,20482791.35,2.96,22.09,200.4,0.98,1053.49,312.2
1060.82,20482791.35,2.96,22.09,200.4,0.5,1049.33,253.04
1060.82,20482791.35,2.96,22.09,200.4,0.81,1058.67,254.74
1060.82,20482791.35,2.96,22.09,200.4,1.03,1061.68,314.43
1060.82,20482791.35,2.96,22.09,200.4,1.02,1052.23,291.21
1060.82,20482791.35,2.96,22.09,200.4,0.86,1046.41,281.02
1060.82,20482791.35,2.96,22.09,200.4,0.54,1044.27,295.93
1060.82,20482791.35,2.96,22.09,200.4,0.77,1047.41,318.63
1060.82,20482791.35,2.96,22.09,200.4,0.9,1043.04,305.64
1060.82,20482791.35,2.96,22.09,200.4,0.63,1050.46,276.88
1060.82,20482791.35,2.96,22.09,200.4,0.73,1058.95,302.47
1060.82,20482791.35,2.96,22.09,200.4,0.83,1056.23,260.76
1060.82,20482791.35,2.96,22.09,200.4,0.54,1054.95,293.62
1060.82,20482791.35,2.96,22.09,200.4,0.93,1042.39,263.0
1060.82,20482791.35,2.96,22.09,200.4,0.64,1052.83,323.46
1060.82,20482791.35,2.96,22.09,200.4,0.46,1060.19,307.49
1060.82,20482791.35,2.96,22.09,200.4,0.58,1048.79,267.16
1060.82,20482791.35,2.96,22.09,200.4,0.67,1041.08,286.89
1060.82,20482791.35,2.96,22.09,200.4,0.69,1057.49,274.89
1060.82,20482791.35,2.96,22.09,200.4,0.96,1045.27,271.59
